PosXRight,PosYRight,Absolute Time,alpha_VSP1,alpha_VSP2,omega_VSP1,omega_VSP2,u_BT,u_VSP1,u_VSP2
0.000000,0.000000,3568887197.663536,0.000000,0.000000,0.000000,0.000000,0.000000,0.000000,0.000000
0.000000,0.000000,3568887197.673540,0.000000,0.000000,0.000000,0.000000,0.000000,0.000000,0.000000
0.000000,0.000000,3568887197.683540,0.000000,0.000000,0.000000,0.000000,0.000000,0.000000,0.000000
0.000000,0.000000,3568887197.693540,0.000000,0.000000,0.000000,0.000000,0.000000,0.000000,0.000000
0.000000,0.000000,3568887197.703540,0.000000,0.000000,0.000000,0.000000,0.000000,0.000000,0.000000
0.000000,0.000000,3568887197.713540,0.000000,0.000000,0.000000,0.000000,0.000000,0.000000,0.000000
0.000000,0.000000,3568887197.723541,0.000000,0.000000,0.000000,0.000000,0.000000,0.000000,0.000000
0.000000,0.000000,3568887197.733542,0.000000,0.000000,0.000000,0.000000,0.000000,0.000000,0.000000
0.000000,0.000000,3568887197.743540,0.000000,0.000000,0.000000,0.000000,0.000000,0.000000,0.000000
0.000000,0.000000,3568887197.753541,0.000000,0.000000,0.000000,0.000000,0.000000,0.000000,0.000000
0.000000,0.000000,3568887197.763542,0.000000,0.000000,0.000000,0.000000,0.000000,0.000000,0.000000
0.000000,0.000000,3568887197.773542,0.000000,0.000000,0.000000,0.000000,0.000000,0.000000,0.000000
0.000000,0.000000,3568887197.783543,0.000000,0.000000,0.000000,0.000000,0.000000,0.000000,0.000000
0.000000,0.000000,3568887197.793543,0.000000,0.000000,0.000000,0.000000,0.000000,0.000000,0.000000
0.000000,0.000000,3568887197.803544,0.000000,0.000000,0.000000,0.000000,0.000000,0.000000,0.000000
0.000000,0.000000,3568887197.813543,0.000000,0.000000,0.000000,0.000000,0.000000,0.000000,0.000000
0.000000,0.000000,3568887197.823544,0.000000,0.000000,0.000000,0.000000,0.000000,0.000000,0.000000
0.000000,0.000000,3568887197.833544,0.000000,0.000000,0.000000,0.000000,0.000000,0.000000,0.000000
0.000000,0.000000,3568887197.843544,0.000000,0.000000,0.000000,0.000000,0.000000,0.000000,0.000000
0.000000,0.000000,3568887197.853545,0.000000,0.000000,0.000000,0.000000,0.000000,0.000000,0.000000
0.000000,0.000000,3568887197.863545,0.000000,0.000000,0.000000,0.000000,0.000000,0.000000,0.000000
0.000000,0.000000,3568887197.873545,0.000000,0.000000,0.000000,0.000000,0.000000,0.000000,0.000000
0.000000,0.000000,3568887197.883546,0.000000,0.000000,0.000000,0.000000,0.000000,0.000000,0.000000
0.000000,0.000000,3568887197.893546,0.000000,0.000000,0.000000,0.000000,0.000000,0.000000,0.000000
0.000000,0.000000,3568887197.903548,0.000000,0.000000,0.000000,0.000000,0.000000,0.000000,0.000000
0.000000,0.000000,3568887197.913547,0.000000,0.000000,0.000000,0.000000,0.000000,0.000000,0.000000
0.000000,0.000000,3568887197.923547,0.000000,0.000000,0.000000,0.000000,0.000000,0.000000,0.000000
0.000000,0.000000,3568887197.933545,0.000000,0.000000,0.000000,0.000000,0.000000,0.000000,0.000000
0.000000,0.000000,3568887197.943546,0.000000,0.000000,0.000000,0.000000,0.000000,0.000000,0.000000
0.000000,0.000000,3568887197.953546,0.000000,0.000000,0.000000,0.000000,0.000000,0.000000,0.000000
0.000000,0.000000,3568887197.963548,0.000000,0.000000,0.000000,0.000000,0.000000,0.000000,0.000000
0.000000,0.000000,3568887197.973549,0.000000,0.000000,0.000000,0.000000,0.000000,0.000000,0.000000
0.000000,0.000000,3568887197.983548,0.000000,0.000000,0.000000,0.000000,0.000000,0.000000,0.000000
0.000000,0.000000,3568887197.993549,0.000000,0.000000,0.000000,0.000000,0.000000,0.000000,0.000000
0.000000,0.000000,3568887198.003549,0.000000,0.000000,0.000000,0.000000,0.000000,0.000000,0.000000
0.000000,0.000000,3568887198.013549,0.000000,0.000000,0.000000,0.000000,0.000000,0.000000,0.000000
0.000000,0.000000,3568887198.023550,0.000000,0.000000,0.000000,0.000000,0.000000,0.000000,0.000000
0.000000,0.000000,3568887198.033550,0.000000,0.000000,0.000000,0.000000,0.000000,0.000000,0.000000
0.000000,0.000000,3568887198.043549,0.000000,0.000000,0.000000,0.000000,0.000000,0.000000,0.000000
0.000000,0.000000,3568887198.053550,0.000000,0.000000,0.000000,0.000000,0.000000,0.000000,0.000000
0.000000,0.000000,3568887198.063550,0.000000,0.000000,0.000000,0.000000,0.000000,0.000000,0.000000
0.000000,0.000000,3568887198.073551,0.000000,0.000000,0.000000,0.000000,0.000000,0.000000,0.000000
0.000000,0.000000,3568887198.083551,0.000000,0.000000,0.000000,0.000000,0.000000,0.000000,0.000000
0.000000,0.000000,3568887198.093552,0.000000,0.000000,0.000000,0.000000,0.000000,0.000000,0.000000
0.000000,0.000000,3568887198.103553,0.000000,0.000000,0.000000,0.000000,0.000000,0.000000,0.000000
0.000000,0.000000,3568887198.113553,0.000000,0.000000,0.000000,0.000000,0.000000,0.000000,0.000000
0.000000,0.000000,3568887198.123553,0.000000,0.000000,0.000000,0.000000,0.000000,0.000000,0.000000
0.000000,0.000000,3568887198.133554,0.000000,0.000000,0.000000,0.000000,0.000000,0.000000,0.000000
0.000000,0.000000,3568887198.143553,0.000000,0.000000,0.000000,0.000000,0.000000,0.000000,0.000000
0.000000,0.000000,3568887198.153554,0.000000,0.000000,0.000000,0.000000,0.000000,0.000000,0.000000
0.000000,0.000000,3568887198.163554,0.000000,0.000000,0.000000,0.000000,0.000000,0.000000,0.000000
0.000000,0.000000,3568887198.173554,0.000000,0.000000,0.000000,0.000000,0.000000,0.000000,0.000000
0.000000,0.000000,3568887198.183554,0.000000,0.000000,0.000000,0.000000,0.000000,0.000000,0.000000
0.000000,0.000000,3568887198.193554,0.000000,0.000000,0.000000,0.000000,0.000000,0.000000,0.000000
0.000000,0.000000,3568887198.203555,0.000000,0.000000,0.000000,0.000000,0.000000,0.000000,0.000000
0.000000,0.000000,3568887198.213556,0.000000,0.000000,0.000000,0.000000,0.000000,0.000000,0.000000
0.000000,0.000000,3568887198.223556,0.000000,0.000000,0.000000,0.000000,0.000000,0.000000,0.000000
0.000000,0.000000,3568887198.233556,0.000000,0.000000,0.000000,0.000000,0.000000,0.000000,0.000000
0.000000,0.000000,3568887198.243556,0.000000,0.000000,0.000000,0.000000,0.000000,0.000000,0.000000
0.000000,0.000000,3568887198.253555,0.000000,0.000000,0.000000,0.000000,0.000000,0.000000,0.000000
0.000000,0.000000,3568887198.263558,0.000000,0.000000,0.000000,0.000000,0.000000,0.000000,0.000000
0.000000,0.000000,3568887198.273558,0.000000,0.000000,0.000000,0.000000,0.000000,0.000000,0.000000
0.000000,0.000000,3568887198.283558,0.000000,0.000000,0.000000,0.000000,0.000000,0.000000,0.000000
0.000000,0.000000,3568887198.293558,0.000000,0.000000,0.000000,0.000000,0.000000,0.000000,0.000000
0.000000,0.000000,3568887198.303558,0.000000,0.000000,0.000000,0.000000,0.000000,0.000000,0.000000
0.000000,0.000000,3568887198.313558,0.000000,0.000000,0.000000,0.000000,0.000000,0.000000,0.000000
0.000000,0.000000,3568887198.323559,0.000000,0.000000,0.000000,0.000000,0.000000,0.000000,0.000000
0.000000,0.000000,3568887198.333560,0.000000,0.000000,0.000000,0.000000,0.000000,0.000000,0.000000
0.000000,0.000000,3568887198.343559,0.000000,0.000000,0.000000,0.000000,0.000000,0.000000,0.000000
0.000000,0.000000,3568887198.353559,0.000000,0.000000,0.000000,0.000000,0.000000,0.000000,0.000000
0.000000,0.000000,3568887198.363560,0.000000,0.000000,0.000000,0.000000,0.000000,0.000000,0.000000
0.000000,0.000000,3568887198.373561,0.000000,0.000000,0.000000,0.000000,0.000000,0.000000,0.000000
0.000000,0.000000,3568887198.383560,0.000000,0.000000,0.000000,0.000000,0.000000,0.000000,0.000000
0.000000,0.000000,3568887198.393561,0.000000,0.000000,0.000000,0.000000,0.000000,0.000000,0.000000
0.000000,0.000000,3568887198.403561,0.000000,0.000000,0.000000,0.000000,0.000000,0.000000,0.000000
0.000000,0.000000,3568887198.413562,0.000000,0.000000,0.000000,0.000000,0.000000,0.000000,0.000000
0.000000,0.000000,3568887198.423562,0.000000,0.000000,0.000000,0.000000,0.000000,0.000000,0.000000
0.000000,0.000000,3568887198.433562,0.000000,0.000000,0.000000,0.000000,0.000000,0.000000,0.000000
0.000000,0.000000,3568887198.443563,0.000000,0.000000,0.000000,0.000000,0.000000,0.000000,0.000000
0.000000,0.000000,3568887198.453563,0.000000,0.000000,0.000000,0.000000,0.000000,0.000000,0.000000
0.000000,0.000000,3568887198.463563,0.000000,0.000000,0.000000,0.000000,0.000000,0.000000,0.000000
0.000000,0.000000,3568887198.473564,0.000000,0.000000,0.000000,0.000000,0.000000,0.000000,0.000000
0.000000,0.000000,3568887198.483564,0.000000,0.000000,0.000000,0.000000,0.000000,0.000000,0.000000
0.000000,0.000000,3568887198.493564,0.000000,0.000000,0.000000,0.000000,0.000000,0.000000,0.000000
0.000000,0.000000,3568887198.503564,0.000000,0.000000,0.000000,0.000000,0.000000,0.000000,0.000000
0.000000,0.000000,3568887198.513566,0.000000,0.000000,0.000000,0.000000,0.000000,0.000000,0.000000
0.000000,0.000000,3568887198.523565,0.000000,0.000000,0.000000,0.000000,0.000000,0.000000,0.000000
0.000000,0.000000,3568887198.533566,0.000000,0.000000,0.000000,0.000000,0.000000,0.000000,0.000000
0.000000,0.000000,3568887198.543565,0.000000,0.000000,0.000000,0.000000,0.000000,0.000000,0.000000
0.000000,0.000000,3568887198.553565,0.000000,0.000000,0.000000,0.000000,0.000000,0.000000,0.000000
0.000000,0.000000,3568887198.563566,0.000000,0.000000,0.000000,0.000000,0.000000,0.000000,0.000000
0.000000,0.000000,3568887198.573567,0.000000,0.000000,0.000000,0.000000,0.000000,0.000000,0.000000
0.000000,0.000000,3568887198.583567,0.000000,0.000000,0.000000,0.000000,0.000000,0.000000,0.000000
0.000000,0.000000,3568887198.593567,0.000000,0.000000,0.000000,0.000000,0.000000,0.000000,0.000000
0.000000,0.000000,3568887198.603567,0.000000,0.000000,0.000000,0.000000,0.000000,0.000000,0.000000
0.000000,0.000000,3568887198.613568,0.000000,0.000000,0.000000,0.000000,0.000000,0.000000,0.000000
0.000000,0.000000,3568887198.623568,0.000000,0.000000,0.000000,0.000000,0.000000,0.000000,0.000000
0.000000,0.000000,3568887198.633569,0.000000,0.000000,0.000000,0.000000,0.000000,0.000000,0.000000
0.000000,0.000000,3568887198.643567,0.000000,0.000000,0.000000,0.000000,0.000000,0.000000,0.000000
0.000000,0.000000,3568887198.653569,0.000000,0.000000,0.000000,0.000000,0.000000,0.000000,0.000000
0.000000,0.000000,3568887198.663569,0.000000,0.000000,0.000000,0.000000,0.000000,0.000000,0.000000
0.000000,0.000000,3568887198.673570,0.000000,0.000000,0.000000,0.000000,0.000000,0.000000,0.000000
0.000000,0.000000,3568887198.683569,0.000000,0.000000,0.000000,0.000000,0.000000,0.000000,0.000000
0.000000,0.000000,3568887198.693571,0.000000,0.000000,0.000000,0.000000,0.000000,0.000000,0.000000
0.000000,0.000000,3568887198.703571,0.000000,0.000000,0.000000,0.000000,0.000000,0.000000,0.000000
0.000000,0.000000,3568887198.713571,0.000000,0.000000,0.000000,0.000000,0.000000,0.000000,0.000000
0.000000,0.000000,3568887198.723571,0.000000,0.000000,0.000000,0.000000,0.000000,0.000000,0.000000
0.000000,0.000000,3568887198.733571,0.000000,0.000000,0.000000,0.000000,0.000000,0.000000,0.000000
0.000000,0.000000,3568887198.743571,0.000000,0.000000,0.100000,0.100000,0.000000,0.000000,0.000000
0.000000,0.000000,3568887198.753572,0.000000,0.000000,0.100000,0.100000,0.000000,0.000000,0.000000
0.000000,0.000000,3568887198.763572,0.000000,0.000000,0.100000,0.100000,0.000000,0.000000,0.000000
0.000000,0.000000,3568887198.773573,0.000000,0.000000,0.100000,0.100000,0.000000,0.000000,0.000000
0.000000,0.000000,3568887198.783573,0.000000,0.000000,0.100000,0.100000,0.000000,0.000000,0.000000
0.000000,0.000000,3568887198.793573,0.000000,0.000000,0.100000,0.100000,0.000000,0.000000,0.000000
0.000000,0.000000,3568887198.803574,0.000000,0.000000,0.100000,0.100000,0.000000,0.000000,0.000000
0.000000,0.000000,3568887198.813574,0.000000,0.000000,0.100000,0.100000,0.000000,0.000000,0.000000
0.000000,0.000000,3568887198.823574,0.000000,0.000000,0.100000,0.100000,0.000000,0.000000,0.000000
0.000000,0.000000,3568887198.833574,0.000000,0.000000,0.100000,0.100000,0.000000,0.000000,0.000000
0.000000,0.000000,3568887198.843574,0.000000,0.000000,0.100000,0.100000,0.000000,0.000000,0.000000
0.000000,0.000000,3568887198.853575,0.000000,0.000000,0.100000,0.100000,0.000000,0.000000,0.000000
0.000000,0.000000,3568887198.863575,0.000000,0.000000,0.100000,0.100000,0.000000,0.000000,0.000000
0.000000,0.000000,3568887198.873576,0.000000,0.000000,0.100000,0.100000,0.000000,0.000000,0.000000
0.000000,0.000000,3568887198.883576,0.000000,0.000000,0.100000,0.100000,0.000000,0.000000,0.000000
0.000000,0.000000,3568887198.893576,0.000000,0.000000,0.100000,0.100000,0.000000,0.000000,0.000000
0.000000,0.000000,3568887198.903577,0.000000,0.000000,0.100000,0.100000,0.000000,0.000000,0.000000
0.000000,0.000000,3568887198.913577,0.000000,0.000000,0.100000,0.100000,0.000000,0.000000,0.000000
0.000000,0.000000,3568887198.923579,0.000000,0.000000,0.100000,0.100000,0.000000,0.000000,0.000000
0.000000,0.000000,3568887198.933578,0.000000,0.000000,0.100000,0.100000,0.000000,0.000000,0.000000
0.000000,0.000000,3568887198.943576,0.000000,0.000000,0.100000,0.100000,0.000000,0.000000,0.000000
0.000000,0.000000,3568887198.953578,0.000000,0.000000,0.100000,0.100000,0.000000,0.000000,0.000000
0.000000,0.000000,3568887198.963579,0.000000,0.000000,0.100000,0.100000,0.000000,0.000000,0.000000
0.000000,0.000000,3568887198.973579,0.000000,0.000000,0.100000,0.100000,0.000000,0.000000,0.000000
0.000000,0.000000,3568887198.983578,0.000000,0.000000,0.100000,0.100000,0.000000,0.000000,0.000000
0.000000,0.000000,3568887198.993579,0.000000,0.000000,0.100000,0.100000,0.000000,0.000000,0.000000
0.000000,0.000000,3568887199.003579,0.000000,0.000000,0.100000,0.100000,0.000000,0.000000,0.000000
0.000000,0.000000,3568887199.013579,0.000000,0.000000,0.100000,0.100000,0.000000,0.000000,0.000000
0.000000,0.000000,3568887199.023581,0.000000,0.000000,0.100000,0.100000,0.000000,0.000000,0.000000
0.000000,0.000000,3568887199.033580,0.000000,0.000000,0.100000,0.100000,0.000000,0.000000,0.000000
0.000000,0.000000,3568887199.043581,0.000000,0.000000,0.100000,0.100000,0.000000,0.000000,0.000000
0.000000,0.000000,3568887199.053581,0.000000,0.000000,0.100000,0.100000,0.000000,0.000000,0.000000
0.000000,0.000000,3568887199.063581,0.000000,0.000000,0.100000,0.100000,0.000000,0.000000,0.000000
0.000000,0.000000,3568887199.073583,0.000000,0.000000,0.100000,0.100000,0.000000,0.000000,0.000000
0.000000,0.000000,3568887199.083582,0.000000,0.000000,0.100000,0.100000,0.000000,0.000000,0.000000
0.000000,0.000000,3568887199.093582,0.000000,0.000000,0.100000,0.100000,0.000000,0.000000,0.000000
0.000000,0.000000,3568887199.103582,0.000000,0.000000,0.100000,0.100000,0.000000,0.000000,0.000000
0.000000,0.000000,3568887199.113583,0.000000,0.000000,0.100000,0.100000,0.000000,0.000000,0.000000
0.000000,0.000000,3568887199.123583,0.000000,0.000000,0.100000,0.100000,0.000000,0.000000,0.000000
0.000000,0.000000,3568887199.133584,0.000000,0.000000,0.100000,0.100000,0.000000,0.000000,0.000000
0.000000,0.000000,3568887199.143582,0.000000,0.000000,0.100000,0.100000,0.000000,0.000000,0.000000
0.000000,0.000000,3568887199.153584,0.000000,0.000000,0.100000,0.100000,0.000000,0.000000,0.000000
0.000000,0.000000,3568887199.163584,0.000000,0.000000,0.100000,0.100000,0.000000,0.000000,0.000000
0.000000,0.000000,3568887199.173585,0.000000,0.000000,0.100000,0.100000,0.000000,0.000000,0.000000
0.000000,0.000000,3568887199.183585,0.000000,0.000000,0.100000,0.100000,0.000000,0.000000,0.000000
0.000000,0.000000,3568887199.193584,0.000000,0.000000,0.100000,0.100000,0.000000,0.000000,0.000000
0.000000,0.000000,3568887199.203586,0.000000,0.000000,0.100000,0.100000,0.000000,0.000000,0.000000
0.000000,0.000000,3568887199.213585,0.000000,0.000000,0.100000,0.100000,0.000000,0.000000,0.000000
0.000000,0.000000,3568887199.223587,0.000000,0.000000,0.100000,0.100000,0.000000,0.000000,0.000000
0.000000,0.000000,3568887199.233587,0.000000,0.000000,0.100000,0.100000,0.000000,0.000000,0.000000
0.000000,0.000000,3568887199.243587,0.000000,0.000000,0.100000,0.100000,0.000000,0.000000,0.000000
0.000000,0.000000,3568887199.253588,0.000000,0.000000,0.100000,0.100000,0.000000,0.000000,0.000000
0.000000,0.000000,3568887199.263588,0.000000,0.000000,0.100000,0.100000,0.000000,0.000000,0.000000
0.000000,0.000000,3568887199.273588,0.000000,0.000000,0.100000,0.100000,0.000000,0.000000,0.000000
0.000000,0.000000,3568887199.283588,0.000000,0.000000,0.100000,0.100000,0.000000,0.000000,0.000000
0.000000,0.000000,3568887199.293588,0.000000,0.000000,0.100000,0.100000,0.000000,0.000000,0.000000
0.000000,0.000000,3568887199.303589,0.000000,0.000000,0.100000,0.100000,0.000000,0.000000,0.000000
0.000000,0.000000,3568887199.313588,0.000000,0.000000,0.100000,0.100000,0.000000,0.000000,0.000000
0.000000,0.000000,3568887199.323589,0.000000,0.000000,0.100000,0.100000,0.000000,0.000000,0.000000
0.000000,0.000000,3568887199.333589,0.000000,0.000000,0.100000,0.100000,0.000000,0.000000,0.000000
0.000000,0.000000,3568887199.343590,0.000000,0.000000,0.100000,0.100000,0.000000,0.000000,0.000000
0.000000,0.000000,3568887199.353591,0.000000,0.000000,0.100000,0.100000,0.000000,0.000000,0.000000
0.000000,0.000000,3568887199.363589,0.000000,0.000000,0.100000,0.100000,0.000000,0.000000,0.000000
0.000000,0.000000,3568887199.373591,0.000000,0.000000,0.100000,0.100000,0.000000,0.000000,0.000000
0.000000,0.000000,3568887199.383591,0.000000,0.000000,0.100000,0.100000,0.000000,0.000000,0.000000
0.000000,0.000000,3568887199.393592,0.000000,0.000000,0.100000,0.100000,0.000000,0.000000,0.000000
0.000000,0.000000,3568887199.403591,0.000000,0.000000,0.100000,0.100000,0.000000,0.000000,0.000000
0.000000,0.000000,3568887199.413592,0.000000,0.000000,0.100000,0.100000,0.000000,0.000000,0.000000
0.000000,0.000000,3568887199.423593,0.000000,0.000000,0.100000,0.100000,0.000000,0.000000,0.000000
0.000000,0.000000,3568887199.433592,0.000000,0.000000,0.100000,0.100000,0.000000,0.000000,0.000000
0.000000,0.000000,3568887199.443592,0.000000,0.000000,0.100000,0.100000,0.000000,0.000000,0.000000
0.000000,0.000000,3568887199.453593,0.000000,0.000000,0.100000,0.100000,0.000000,0.000000,0.000000
0.000000,0.000000,3568887199.463594,0.000000,0.000000,0.100000,0.100000,0.000000,0.000000,0.000000
0.000000,0.000000,3568887199.473595,0.000000,0.000000,0.100000,0.100000,0.000000,0.000000,0.000000
0.000000,0.000000,3568887199.483593,0.000000,0.000000,0.100000,0.100000,0.000000,0.000000,0.000000
0.000000,0.000000,3568887199.493594,0.000000,0.000000,0.100000,0.100000,0.000000,0.000000,0.000000
0.000000,0.000000,3568887199.503594,0.000000,0.000000,0.100000,0.100000,0.000000,0.000000,0.000000
0.000000,0.000000,3568887199.513595,0.000000,0.000000,0.100000,0.100000,0.000000,0.000000,0.000000
0.000000,0.000000,3568887199.523594,0.000000,0.000000,0.100000,0.100000,0.000000,0.000000,0.000000
0.000000,0.000000,3568887199.533596,0.000000,0.000000,0.100000,0.100000,0.000000,0.000000,0.000000
0.000000,0.000000,3568887199.543594,0.000000,0.000000,0.100000,0.100000,0.000000,0.000000,0.000000
0.000000,0.000000,3568887199.553596,0.000000,0.000000,0.100000,0.100000,0.000000,0.000000,0.000000
0.000000,0.000000,3568887199.563596,0.000000,0.000000,0.100000,0.100000,0.000000,0.000000,0.000000
0.000000,0.000000,3568887199.573596,0.000000,0.000000,0.100000,0.100000,0.000000,0.000000,0.000000
0.000000,0.000000,3568887199.583598,0.000000,0.000000,0.100000,0.100000,0.000000,0.000000,0.000000
0.000000,0.000000,3568887199.593597,0.000000,0.000000,0.100000,0.100000,0.000000,0.000000,0.000000
0.000000,0.000000,3568887199.603598,0.000000,0.000000,0.100000,0.100000,0.000000,0.000000,0.000000
0.000000,0.000000,3568887199.613598,0.000000,0.000000,0.100000,0.100000,0.000000,0.000000,0.000000
0.000000,0.000000,3568887199.623599,0.000000,0.000000,0.100000,0.100000,0.000000,0.000000,0.000000
0.000000,0.000000,3568887199.633599,0.000000,0.000000,0.100000,0.100000,0.000000,0.000000,0.000000
0.000000,0.000000,3568887199.643599,0.000000,0.000000,0.100000,0.100000,0.000000,0.000000,0.000000
0.000000,0.000000,3568887199.653600,0.000000,0.000000,0.100000,0.100000,0.000000,0.000000,0.000000
0.000000,0.000000,3568887199.663600,0.000000,0.000000,0.100000,0.100000,0.000000,0.000000,0.000000
0.000000,0.000000,3568887199.673600,0.000000,0.000000,0.100000,0.100000,0.000000,0.000000,0.000000
0.000000,0.000000,3568887199.683600,0.000000,0.000000,0.100000,0.100000,0.000000,0.000000,0.000000
0.000000,0.000000,3568887199.693600,0.000000,0.000000,0.100000,0.100000,0.000000,0.000000,0.000000
0.000000,0.000000,3568887199.703601,0.000000,0.000000,0.100000,0.100000,0.000000,0.000000,0.000000
0.000000,0.000000,3568887199.713602,0.000000,0.000000,0.100000,0.100000,0.000000,0.000000,0.000000
0.000000,0.000000,3568887199.723602,0.000000,0.000000,0.100000,0.100000,0.000000,0.000000,0.000000
0.000000,0.000000,3568887199.733602,0.000000,0.000000,0.100000,0.100000,0.000000,0.000000,0.000000
0.000000,0.000000,3568887199.743601,0.000000,0.000000,0.200000,0.200000,0.000000,0.000000,0.000000
0.000000,0.000000,3568887199.753603,0.000000,0.000000,0.200000,0.200000,0.000000,0.000000,0.000000
0.000000,0.000000,3568887199.763602,0.000000,0.000000,0.200000,0.200000,0.000000,0.000000,0.000000
0.000000,0.000000,3568887199.773603,0.000000,0.000000,0.200000,0.200000,0.000000,0.000000,0.000000
0.000000,0.000000,3568887199.783603,0.000000,0.000000,0.200000,0.200000,0.000000,0.000000,0.000000
0.000000,0.000000,3568887199.793603,0.000000,0.000000,0.200000,0.200000,0.000000,0.000000,0.000000
0.000000,0.000000,3568887199.803605,0.000000,0.000000,0.200000,0.200000,0.000000,0.000000,0.000000
0.000000,0.000000,3568887199.813605,0.000000,0.000000,0.200000,0.200000,0.000000,0.000000,0.000000
0.000000,0.000000,3568887199.823605,0.000000,0.000000,0.200000,0.200000,0.000000,0.000000,0.000000
0.000000,0.000000,3568887199.833604,0.000000,0.000000,0.200000,0.200000,0.000000,0.000000,0.000000
0.000000,0.000000,3568887199.843604,0.000000,0.000000,0.200000,0.200000,0.000000,0.000000,0.000000
0.000000,0.000000,3568887199.853604,0.000000,0.000000,0.200000,0.200000,0.000000,0.000000,0.000000
0.000000,0.000000,3568887199.863605,0.000000,0.000000,0.200000,0.200000,0.000000,0.000000,0.000000
0.000000,0.000000,3568887199.873606,0.000000,0.000000,0.200000,0.200000,0.000000,0.000000,0.000000
0.000000,0.000000,3568887199.883606,0.000000,0.000000,0.200000,0.200000,0.000000,0.000000,0.000000
0.000000,0.000000,3568887199.893606,0.000000,0.000000,0.200000,0.200000,0.000000,0.000000,0.000000
0.000000,0.000000,3568887199.903606,0.000000,0.000000,0.200000,0.200000,0.000000,0.000000,0.000000
0.000000,0.000000,3568887199.913607,0.000000,0.000000,0.200000,0.200000,0.000000,0.000000,0.000000
0.000000,0.000000,3568887199.923608,0.000000,0.000000,0.200000,0.200000,0.000000,0.000000,0.000000
0.000000,0.000000,3568887199.933608,0.000000,0.000000,0.200000,0.200000,0.000000,0.000000,0.000000
0.000000,0.000000,3568887199.943608,0.000000,0.000000,0.200000,0.200000,0.000000,0.000000,0.000000
0.000000,0.000000,3568887199.953609,0.000000,0.000000,0.200000,0.200000,0.000000,0.000000,0.000000
0.000000,0.000000,3568887199.963608,0.000000,0.000000,0.200000,0.200000,0.000000,0.000000,0.000000
0.000000,0.000000,3568887199.973609,0.000000,0.000000,0.200000,0.200000,0.000000,0.000000,0.000000
0.000000,0.000000,3568887199.983610,0.000000,0.000000,0.200000,0.200000,0.000000,0.000000,0.000000
0.000000,0.000000,3568887199.993609,0.000000,0.000000,0.200000,0.200000,0.000000,0.000000,0.000000
0.000000,0.000000,3568887200.003609,0.000000,0.000000,0.200000,0.200000,0.000000,0.000000,0.000000
0.000000,0.000000,3568887200.013610,0.000000,0.000000,0.200000,0.200000,0.000000,0.000000,0.000000
0.000000,0.000000,3568887200.023611,0.000000,0.000000,0.200000,0.200000,0.000000,0.000000,0.000000
0.000000,0.000000,3568887200.033610,0.000000,0.000000,0.200000,0.200000,0.000000,0.000000,0.000000
0.000000,0.000000,3568887200.043610,0.000000,0.000000,0.200000,0.200000,0.000000,0.000000,0.000000
0.000000,0.000000,3568887200.053610,0.000000,0.000000,0.200000,0.200000,0.000000,0.000000,0.000000
0.000000,0.000000,3568887200.063611,0.000000,0.000000,0.200000,0.200000,0.000000,0.000000,0.000000
0.000000,0.000000,3568887200.073613,0.000000,0.000000,0.200000,0.200000,0.000000,0.000000,0.000000
0.000000,0.000000,3568887200.083611,0.000000,0.000000,0.200000,0.200000,0.000000,0.000000,0.000000
0.000000,0.000000,3568887200.093613,0.000000,0.000000,0.200000,0.200000,0.000000,0.000000,0.000000
0.000000,0.000000,3568887200.103613,0.000000,0.000000,0.200000,0.200000,0.000000,0.000000,0.000000
0.000000,0.000000,3568887200.113613,0.000000,0.000000,0.200000,0.200000,0.000000,0.000000,0.000000
0.000000,0.000000,3568887200.123614,0.000000,0.000000,0.200000,0.200000,0.000000,0.000000,0.000000
0.000000,0.000000,3568887200.133614,0.000000,0.000000,0.200000,0.200000,0.000000,0.000000,0.000000
0.000000,0.000000,3568887200.143613,0.000000,0.000000,0.200000,0.200000,0.000000,0.000000,0.000000
0.000000,0.000000,3568887200.153615,0.000000,0.000000,0.200000,0.200000,0.000000,0.000000,0.000000
0.000000,0.000000,3568887200.163614,0.000000,0.000000,0.200000,0.200000,0.000000,0.000000,0.000000
0.000000,0.000000,3568887200.173615,0.000000,0.000000,0.200000,0.200000,0.000000,0.000000,0.000000
0.000000,0.000000,3568887200.183615,0.000000,0.000000,0.200000,0.200000,0.000000,0.000000,0.000000
0.000000,0.000000,3568887200.193616,0.000000,0.000000,0.200000,0.200000,0.000000,0.000000,0.000000
0.000000,0.000000,3568887200.203615,0.000000,0.000000,0.200000,0.200000,0.000000,0.000000,0.000000
0.000000,0.000000,3568887200.213616,0.000000,0.000000,0.200000,0.200000,0.000000,0.000000,0.000000
0.000000,0.000000,3568887200.223617,0.000000,0.000000,0.200000,0.200000,0.000000,0.000000,0.000000
0.000000,0.000000,3568887200.233616,0.000000,0.000000,0.200000,0.200000,0.000000,0.000000,0.000000
0.000000,0.000000,3568887200.243617,0.000000,0.000000,0.200000,0.200000,0.000000,0.000000,0.000000
0.000000,0.000000,3568887200.253618,0.000000,0.000000,0.200000,0.200000,0.000000,0.000000,0.000000
0.000000,0.000000,3568887200.263618,0.000000,0.000000,0.200000,0.200000,0.000000,0.000000,0.000000
0.000000,0.000000,3568887200.273618,0.000000,0.000000,0.200000,0.200000,0.000000,0.000000,0.000000
0.000000,0.000000,3568887200.283618,0.000000,0.000000,0.200000,0.200000,0.000000,0.000000,0.000000
0.000000,0.000000,3568887200.293619,0.000000,0.000000,0.200000,0.200000,0.000000,0.000000,0.000000
0.000000,0.000000,3568887200.303618,0.000000,0.000000,0.200000,0.200000,0.000000,0.000000,0.000000
0.000000,0.000000,3568887200.313620,0.000000,0.000000,0.200000,0.200000,0.000000,0.000000,0.000000
0.000000,0.000000,3568887200.323620,0.000000,0.000000,0.200000,0.200000,0.000000,0.000000,0.000000
0.000000,0.000000,3568887200.333620,0.000000,0.000000,0.200000,0.200000,0.000000,0.000000,0.000000
0.000000,0.000000,3568887200.343619,0.000000,0.000000,0.200000,0.200000,0.000000,0.000000,0.000000
0.000000,0.000000,3568887200.353621,0.000000,0.000000,0.200000,0.200000,0.000000,0.000000,0.000000
0.000000,0.000000,3568887200.363621,0.000000,0.000000,0.200000,0.200000,0.000000,0.000000,0.000000
0.000000,0.000000,3568887200.373621,0.000000,0.000000,0.200000,0.200000,0.000000,0.000000,0.000000
0.000000,0.000000,3568887200.383621,0.000000,0.000000,0.200000,0.200000,0.000000,0.000000,0.000000
0.000000,0.000000,3568887200.393621,0.000000,0.000000,0.200000,0.200000,0.000000,0.000000,0.000000
0.000000,0.000000,3568887200.403623,0.000000,0.000000,0.200000,0.200000,0.000000,0.000000,0.000000
0.000000,0.000000,3568887200.413622,0.000000,0.000000,0.200000,0.200000,0.000000,0.000000,0.000000
0.000000,0.000000,3568887200.423623,0.000000,0.000000,0.200000,0.200000,0.000000,0.000000,0.000000
0.000000,0.000000,3568887200.433623,0.000000,0.000000,0.200000,0.200000,0.000000,0.000000,0.000000
0.000000,0.000000,3568887200.443622,0.000000,0.000000,0.200000,0.200000,0.000000,0.000000,0.000000
0.000000,0.000000,3568887200.453623,0.000000,0.000000,0.200000,0.200000,0.000000,0.000000,0.000000
0.000000,0.000000,3568887200.463624,0.000000,0.000000,0.200000,0.200000,0.000000,0.000000,0.000000
0.000000,0.000000,3568887200.473625,0.000000,0.000000,0.200000,0.200000,0.000000,0.000000,0.000000
0.000000,0.000000,3568887200.483624,0.000000,0.000000,0.200000,0.200000,0.000000,0.000000,0.000000
0.000000,0.000000,3568887200.493625,0.000000,0.000000,0.200000,0.200000,0.000000,0.000000,0.000000
0.000000,0.000000,3568887200.503625,0.000000,0.000000,0.200000,0.200000,0.000000,0.000000,0.000000
0.000000,0.000000,3568887200.513625,0.000000,0.000000,0.200000,0.200000,0.000000,0.000000,0.000000
0.000000,0.000000,3568887200.523625,0.000000,0.000000,0.200000,0.200000,0.000000,0.000000,0.000000
0.000000,0.000000,3568887200.533626,0.000000,0.000000,0.200000,0.200000,0.000000,0.000000,0.000000
0.000000,0.000000,3568887200.543627,0.000000,0.000000,0.200000,0.200000,0.000000,0.000000,0.000000
0.000000,0.000000,3568887200.553627,0.000000,0.000000,0.200000,0.200000,0.000000,0.000000,0.000000
0.000000,0.000000,3568887200.563627,0.000000,0.000000,0.200000,0.200000,0.000000,0.000000,0.000000
0.000000,0.000000,3568887200.573628,0.000000,0.000000,0.200000,0.200000,0.000000,0.000000,0.000000
0.000000,0.000000,3568887200.583627,0.000000,0.000000,0.200000,0.200000,0.000000,0.000000,0.000000
0.000000,0.000000,3568887200.593627,0.000000,0.000000,0.200000,0.200000,0.000000,0.000000,0.000000
0.000000,0.000000,3568887200.603628,0.000000,0.000000,0.200000,0.200000,0.000000,0.000000,0.000000
0.000000,0.000000,3568887200.613628,0.000000,0.000000,0.200000,0.200000,0.000000,0.000000,0.000000
0.000000,0.000000,3568887200.623629,0.000000,0.000000,0.200000,0.200000,0.000000,0.000000,0.000000
0.000000,0.000000,3568887200.633628,0.000000,0.000000,0.200000,0.200000,0.000000,0.000000,0.000000
0.000000,0.000000,3568887200.643628,0.000000,0.000000,0.200000,0.200000,0.000000,0.000000,0.000000
0.000000,0.000000,3568887200.653629,0.000000,0.000000,0.200000,0.200000,0.000000,0.000000,0.000000
0.000000,0.000000,3568887200.663629,0.000000,0.000000,0.200000,0.200000,0.000000,0.000000,0.000000
0.000000,0.000000,3568887200.673630,0.000000,0.000000,0.200000,0.200000,0.000000,0.000000,0.000000
0.000000,0.000000,3568887200.683630,0.000000,0.000000,0.200000,0.200000,0.000000,0.000000,0.000000
0.000000,0.000000,3568887200.693631,0.000000,0.000000,0.200000,0.200000,0.000000,0.000000,0.000000
0.000000,0.000000,3568887200.703631,0.000000,0.000000,0.200000,0.200000,0.000000,0.000000,0.000000
0.000000,0.000000,3568887200.713632,0.000000,0.000000,0.200000,0.200000,0.000000,0.000000,0.000000
0.000000,0.000000,3568887200.723632,0.000000,0.000000,0.200000,0.200000,0.000000,0.000000,0.000000
0.000000,0.000000,3568887200.733633,0.000000,0.000000,0.200000,0.200000,0.000000,0.000000,0.000000
0.000000,0.000000,3568887200.743631,0.000000,0.000000,0.300000,0.300000,0.000000,0.000000,0.000000
0.000000,0.000000,3568887200.753632,0.000000,0.000000,0.300000,0.300000,0.000000,0.000000,0.000000
0.000000,0.000000,3568887200.763632,0.000000,0.000000,0.300000,0.300000,0.000000,0.000000,0.000000
0.000000,0.000000,3568887200.773633,0.000000,0.000000,0.300000,0.300000,0.000000,0.000000,0.000000
0.000000,0.000000,3568887200.783633,0.000000,0.000000,0.300000,0.300000,0.000000,0.000000,0.000000
0.000000,0.000000,3568887200.793634,0.000000,0.000000,0.300000,0.300000,0.000000,0.000000,0.000000
0.000000,0.000000,3568887200.803635,0.000000,0.000000,0.300000,0.300000,0.000000,0.000000,0.000000
0.000000,0.000000,3568887200.813634,0.000000,0.000000,0.300000,0.300000,0.000000,0.000000,0.000000
0.000000,0.000000,3568887200.823636,0.000000,0.000000,0.300000,0.300000,0.000000,0.000000,0.000000
0.000000,0.000000,3568887200.833635,0.000000,0.000000,0.300000,0.300000,0.000000,0.000000,0.000000
0.000000,0.000000,3568887200.843635,0.000000,0.000000,0.300000,0.300000,0.000000,0.000000,0.000000
0.000000,0.000000,3568887200.853635,0.000000,0.000000,0.300000,0.300000,0.000000,0.000000,0.000000
0.000000,0.000000,3568887200.863636,0.000000,0.000000,0.300000,0.300000,0.000000,0.000000,0.000000
0.000000,0.000000,3568887200.873636,0.000000,0.000000,0.300000,0.300000,0.000000,0.000000,0.000000
0.000000,0.000000,3568887200.883636,0.000000,0.000000,0.300000,0.300000,0.000000,0.000000,0.000000
0.000000,0.000000,3568887200.893637,0.000000,0.000000,0.300000,0.300000,0.000000,0.000000,0.000000
0.000000,0.000000,3568887200.903637,0.000000,0.000000,0.300000,0.300000,0.000000,0.000000,0.000000
0.000000,0.000000,3568887200.913638,0.000000,0.000000,0.300000,0.300000,0.000000,0.000000,0.000000
0.000000,0.000000,3568887200.923638,0.000000,0.000000,0.300000,0.300000,0.000000,0.000000,0.000000
0.000000,0.000000,3568887200.933638,0.000000,0.000000,0.300000,0.300000,0.000000,0.000000,0.000000
0.000000,0.000000,3568887200.943638,0.000000,0.000000,0.300000,0.300000,0.000000,0.000000,0.000000
0.000000,0.000000,3568887200.953639,0.000000,0.000000,0.300000,0.300000,0.000000,0.000000,0.000000
0.000000,0.000000,3568887200.963639,0.000000,0.000000,0.300000,0.300000,0.000000,0.000000,0.000000
0.000000,0.000000,3568887200.973640,0.000000,0.000000,0.300000,0.300000,0.000000,0.000000,0.000000
0.000000,0.000000,3568887200.983639,0.000000,0.000000,0.300000,0.300000,0.000000,0.000000,0.000000
0.000000,0.000000,3568887200.993640,0.000000,0.000000,0.300000,0.300000,0.000000,0.000000,0.000000
0.000000,0.000000,3568887201.003640,0.000000,0.000000,0.300000,0.300000,0.000000,0.000000,0.000000
0.000000,0.000000,3568887201.013640,0.000000,0.000000,0.300000,0.300000,0.000000,0.000000,0.000000
0.000000,0.000000,3568887201.023641,0.000000,0.000000,0.300000,0.300000,0.000000,0.000000,0.000000
0.000000,0.000000,3568887201.033641,0.000000,0.000000,0.300000,0.300000,0.000000,0.000000,0.000000
0.000000,0.000000,3568887201.043641,0.000000,0.000000,0.300000,0.300000,0.000000,0.000000,0.000000
0.000000,0.000000,3568887201.053642,0.000000,0.000000,0.300000,0.300000,0.000000,0.000000,0.000000
0.000000,0.000000,3568887201.063642,0.000000,0.000000,0.300000,0.300000,0.000000,0.000000,0.000000
0.000000,0.000000,3568887201.073642,0.000000,0.000000,0.300000,0.300000,0.000000,0.000000,0.000000
0.000000,0.000000,3568887201.083643,0.000000,0.000000,0.300000,0.300000,0.000000,0.000000,0.000000
0.000000,0.000000,3568887201.093643,0.000000,0.000000,0.300000,0.300000,0.000000,0.000000,0.000000
0.000000,0.000000,3568887201.103644,0.000000,0.000000,0.300000,0.300000,0.000000,0.000000,0.000000
0.000000,0.000000,3568887201.113644,0.000000,0.000000,0.300000,0.300000,0.000000,0.000000,0.000000
0.000000,0.000000,3568887201.123643,0.000000,0.000000,0.300000,0.300000,0.000000,0.000000,0.000000
0.000000,0.000000,3568887201.133644,0.000000,0.000000,0.300000,0.300000,0.000000,0.000000,0.000000
0.000000,0.000000,3568887201.143644,0.000000,0.000000,0.300000,0.300000,0.000000,0.000000,0.000000
0.000000,0.000000,3568887201.153646,0.000000,0.000000,0.300000,0.300000,0.000000,0.000000,0.000000
0.000000,0.000000,3568887201.163644,0.000000,0.000000,0.300000,0.300000,0.000000,0.000000,0.000000
0.000000,0.000000,3568887201.173646,0.000000,0.000000,0.300000,0.300000,0.000000,0.000000,0.000000
0.000000,0.000000,3568887201.183645,0.000000,0.000000,0.300000,0.300000,0.000000,0.000000,0.000000
0.000000,0.000000,3568887201.193645,0.000000,0.000000,0.300000,0.300000,0.000000,0.000000,0.000000
0.000000,0.000000,3568887201.203646,0.000000,0.000000,0.300000,0.300000,0.000000,0.000000,0.000000
0.000000,0.000000,3568887201.213647,0.000000,0.000000,0.300000,0.300000,0.000000,0.000000,0.000000
0.000000,0.000000,3568887201.223647,0.000000,0.000000,0.300000,0.300000,0.000000,0.000000,0.000000
0.000000,0.000000,3568887201.233646,0.000000,0.000000,0.300000,0.300000,0.000000,0.000000,0.000000
0.000000,0.000000,3568887201.243647,0.000000,0.000000,0.300000,0.300000,0.000000,0.000000,0.000000
0.000000,0.000000,3568887201.253647,0.000000,0.000000,0.300000,0.300000,0.000000,0.000000,0.000000
0.000000,0.000000,3568887201.263648,0.000000,0.000000,0.300000,0.300000,0.000000,0.000000,0.000000
0.000000,0.000000,3568887201.273649,0.000000,0.000000,0.300000,0.300000,0.000000,0.000000,0.000000
0.000000,0.000000,3568887201.283648,0.000000,0.000000,0.300000,0.300000,0.000000,0.000000,0.000000
0.000000,0.000000,3568887201.293649,0.000000,0.000000,0.300000,0.300000,0.000000,0.000000,0.000000
0.000000,0.000000,3568887201.303649,0.000000,0.000000,0.300000,0.300000,0.000000,0.000000,0.000000
0.000000,0.000000,3568887201.313650,0.000000,0.000000,0.300000,0.300000,0.000000,0.000000,0.000000
0.000000,0.000000,3568887201.323651,0.000000,0.000000,0.300000,0.300000,0.000000,0.000000,0.000000
0.000000,0.000000,3568887201.333651,0.000000,0.000000,0.300000,0.300000,0.000000,0.000000,0.000000
0.000000,0.000000,3568887201.343649,0.000000,0.000000,0.300000,0.300000,0.000000,0.000000,0.000000
0.000000,0.000000,3568887201.353651,0.000000,0.000000,0.300000,0.300000,0.000000,0.000000,0.000000
0.000000,0.000000,3568887201.363651,0.000000,0.000000,0.300000,0.300000,0.000000,0.000000,0.000000
0.000000,0.000000,3568887201.373651,0.000000,0.000000,0.300000,0.300000,0.000000,0.000000,0.000000
0.000000,0.000000,3568887201.383652,0.000000,0.000000,0.300000,0.300000,0.000000,0.000000,0.000000
0.000000,0.000000,3568887201.393652,0.000000,0.000000,0.300000,0.300000,0.000000,0.000000,0.000000
0.000000,0.000000,3568887201.403651,0.000000,0.000000,0.300000,0.300000,0.000000,0.000000,0.000000
0.000000,0.000000,3568887201.413653,0.000000,0.000000,0.300000,0.300000,0.000000,0.000000,0.000000
0.000000,0.000000,3568887201.423653,0.000000,0.000000,0.300000,0.300000,0.000000,0.000000,0.000000
0.000000,0.000000,3568887201.433653,0.000000,0.000000,0.300000,0.300000,0.000000,0.000000,0.000000
0.000000,0.000000,3568887201.443654,0.000000,0.000000,0.300000,0.300000,0.000000,0.000000,0.000000
0.000000,0.000000,3568887201.453654,0.000000,0.000000,0.300000,0.300000,0.000000,0.000000,0.000000
0.000000,0.000000,3568887201.463654,0.000000,0.000000,0.300000,0.300000,0.000000,0.000000,0.000000
0.000000,0.000000,3568887201.473655,0.000000,0.000000,0.300000,0.300000,0.000000,0.000000,0.000000
0.000000,0.000000,3568887201.483654,0.000000,0.000000,0.300000,0.300000,0.000000,0.000000,0.000000
0.000000,0.000000,3568887201.493655,0.000000,0.000000,0.300000,0.300000,0.000000,0.000000,0.000000
0.000000,0.000000,3568887201.503655,0.000000,0.000000,0.300000,0.300000,0.000000,0.000000,0.000000
0.000000,0.000000,3568887201.513656,0.000000,0.000000,0.300000,0.300000,0.000000,0.000000,0.000000
0.000000,0.000000,3568887201.523656,0.000000,0.000000,0.300000,0.300000,0.000000,0.000000,0.000000
0.000000,0.000000,3568887201.533656,0.000000,0.000000,0.300000,0.300000,0.000000,0.000000,0.000000
0.000000,0.000000,3568887201.543656,0.000000,0.000000,0.300000,0.300000,0.000000,0.000000,0.000000
0.000000,0.000000,3568887201.553656,0.000000,0.000000,0.300000,0.300000,0.000000,0.000000,0.000000
0.000000,0.000000,3568887201.563657,0.000000,0.000000,0.300000,0.300000,0.000000,0.000000,0.000000
0.000000,0.000000,3568887201.573658,0.000000,0.000000,0.300000,0.300000,0.000000,0.000000,0.000000
0.000000,0.000000,3568887201.583658,0.000000,0.000000,0.300000,0.300000,0.000000,0.000000,0.000000
0.000000,0.000000,3568887201.593658,0.000000,0.000000,0.300000,0.300000,0.000000,0.000000,0.000000
0.000000,0.000000,3568887201.603659,0.000000,0.000000,0.300000,0.300000,0.000000,0.000000,0.000000
0.000000,0.000000,3568887201.613658,0.000000,0.000000,0.300000,0.300000,0.000000,0.000000,0.000000
0.000000,0.000000,3568887201.623660,0.000000,0.000000,0.300000,0.300000,0.000000,0.000000,0.000000
0.000000,0.000000,3568887201.633661,0.000000,0.000000,0.300000,0.300000,0.000000,0.000000,0.000000
0.000000,0.000000,3568887201.643658,0.000000,0.000000,0.300000,0.300000,0.000000,0.000000,0.000000
0.000000,0.000000,3568887201.653659,0.000000,0.000000,0.300000,0.300000,0.000000,0.000000,0.000000
0.000000,0.000000,3568887201.663661,0.000000,0.000000,0.300000,0.300000,0.000000,0.000000,0.000000
0.000000,0.000000,3568887201.673660,0.000000,0.000000,0.300000,0.300000,0.000000,0.000000,0.000000
0.000000,0.000000,3568887201.683662,0.000000,0.000000,0.300000,0.300000,0.000000,0.000000,0.000000
0.000000,0.000000,3568887201.693661,0.000000,0.000000,0.300000,0.300000,0.000000,0.000000,0.000000
0.000000,0.000000,3568887201.703661,0.000000,0.000000,0.300000,0.300000,0.000000,0.000000,0.000000
0.000000,0.000000,3568887201.713662,0.000000,0.000000,0.300000,0.300000,0.000000,0.000000,0.000000
0.000000,0.000000,3568887201.723662,0.000000,0.000000,0.300000,0.300000,0.000000,0.000000,0.000000
0.000000,0.000000,3568887201.733662,0.000000,0.000000,0.300000,0.300000,0.000000,0.000000,0.000000
0.000000,0.000000,3568887201.743663,0.000000,0.000000,0.300000,0.300000,0.000000,0.000000,0.000000
0.000000,0.000000,3568887201.753664,0.000000,0.000000,0.300000,0.300000,0.000000,0.000000,0.000000
0.000000,-0.082492,3568887201.763663,0.000000,0.000000,0.300000,0.300000,0.000000,0.010315,0.000000
0.000000,-0.082492,3568887201.773664,0.000000,0.000000,0.300000,0.300000,0.000000,0.010315,0.082492
0.000000,-0.082492,3568887201.783663,0.000000,0.000000,0.300000,0.300000,0.000000,0.010315,0.082492
0.000000,-0.350536,3568887201.793664,0.000000,0.000000,0.300000,0.300000,0.000000,0.154668,0.082492
0.000000,-0.350536,3568887201.803666,0.000000,0.000000,0.300000,0.300000,0.000000,0.154668,0.350536
0.000000,-0.659841,3568887201.813666,0.000000,0.000000,0.300000,0.300000,0.000000,0.360851,0.350536
0.000000,-0.659841,3568887201.823665,0.000000,0.000000,0.300000,0.300000,0.000000,0.360851,0.659841
0.000000,-0.659841,3568887201.833664,0.000000,0.000000,0.300000,0.300000,0.000000,0.360851,0.659841
0.000000,-1.000000,3568887201.843666,0.000000,0.000000,0.300000,0.300000,0.000000,0.701071,0.659841
0.000000,-1.000000,3568887201.853666,0.000000,0.000000,0.300000,0.300000,0.000000,0.701071,1.000000
0.000000,-1.000000,3568887201.863666,0.000000,0.000000,0.300000,0.300000,0.000000,0.701071,1.000000
0.000000,-1.000000,3568887201.873667,0.000000,0.000000,0.300000,0.300000,0.000000,1.000000,1.000000
0.000000,-1.000000,3568887201.883667,0.000000,0.000000,0.300000,0.300000,0.000000,1.000000,1.000000
0.000000,-1.000000,3568887201.893667,-0.082305,0.000000,0.300000,0.300000,0.000000,1.000000,1.000000
0.000000,-1.000000,3568887201.903667,-0.082305,0.000000,0.300000,0.300000,0.000000,1.000000,1.000000
0.000000,-1.000000,3568887201.913667,-0.082305,0.000000,0.300000,0.300000,0.000000,1.000000,1.000000
0.000000,-1.000000,3568887201.923668,-0.082305,0.000000,0.300000,0.300000,0.000000,1.000000,1.000000
0.000000,-1.000000,3568887201.933669,-0.082305,0.000000,0.300000,0.300000,0.000000,1.000000,1.000000
0.000000,-1.000000,3568887201.943667,-0.082305,0.000000,0.300000,0.300000,0.000000,1.000000,1.000000
0.000000,-1.000000,3568887201.953670,-0.082305,0.000000,0.300000,0.300000,0.000000,1.000000,1.000000
0.000000,-1.000000,3568887201.963669,-0.082305,0.000000,0.300000,0.300000,0.000000,1.000000,1.000000
0.000000,-1.000000,3568887201.973670,-0.082305,0.000000,0.300000,0.300000,0.000000,1.000000,1.000000
0.000000,-1.000000,3568887201.983670,-0.082305,0.000000,0.300000,0.300000,0.000000,1.000000,1.000000
0.000000,-1.000000,3568887201.993670,-0.082305,0.000000,0.300000,0.300000,0.000000,1.000000,1.000000
0.000000,-1.000000,3568887202.003670,-0.082305,0.000000,0.300000,0.300000,0.000000,1.000000,1.000000
0.000000,-1.000000,3568887202.013671,-0.082305,0.000000,0.300000,0.300000,0.000000,1.000000,1.000000
0.000000,-1.000000,3568887202.023672,-0.082305,0.000000,0.300000,0.300000,0.000000,1.000000,1.000000
0.000000,-1.000000,3568887202.033672,-0.082305,0.000000,0.300000,0.300000,0.000000,1.000000,1.000000
0.000000,-1.000000,3568887202.043672,-0.092542,0.000000,0.300000,0.300000,0.000000,1.000000,1.000000
0.000000,-1.000000,3568887202.053672,-0.092542,0.000000,0.300000,0.300000,0.000000,1.000000,1.000000
0.000000,-1.000000,3568887202.063672,-0.092542,0.000000,0.300000,0.300000,0.000000,1.000000,1.000000
0.000000,-1.000000,3568887202.073673,-0.092542,0.000000,0.300000,0.300000,0.000000,1.000000,1.000000
0.000000,-1.000000,3568887202.083672,-0.092542,0.000000,0.300000,0.300000,0.000000,1.000000,1.000000
0.000000,-1.000000,3568887202.093674,-0.092542,0.000000,0.300000,0.300000,0.000000,1.000000,1.000000
0.000000,-1.000000,3568887202.103674,-0.092542,0.000000,0.300000,0.300000,0.000000,1.000000,1.000000
0.000000,-1.000000,3568887202.113675,-0.092542,0.000000,0.300000,0.300000,0.000000,1.000000,1.000000
0.000000,-1.000000,3568887202.123675,-0.092542,0.000000,0.300000,0.300000,0.000000,1.000000,1.000000
0.000000,-1.000000,3568887202.133675,-0.092542,0.000000,0.300000,0.300000,0.000000,1.000000,1.000000
0.000000,-1.000000,3568887202.143674,-0.092542,0.000000,0.300000,0.300000,0.000000,1.000000,1.000000
0.000000,-1.000000,3568887202.153676,-0.092542,0.000000,0.300000,0.300000,0.000000,1.000000,1.000000
0.000000,-1.000000,3568887202.163675,-0.092542,0.000000,0.300000,0.300000,0.000000,1.000000,1.000000
0.000000,-1.000000,3568887202.173676,-0.092542,0.000000,0.300000,0.300000,0.000000,1.000000,1.000000
0.000000,-1.000000,3568887202.183676,-0.092542,0.000000,0.300000,0.300000,0.000000,1.000000,1.000000
0.000000,-1.000000,3568887202.193677,-0.092542,0.000000,0.300000,0.300000,0.000000,1.000000,1.000000
0.000000,-1.000000,3568887202.203676,-0.092542,0.000000,0.300000,0.300000,0.000000,1.000000,1.000000
0.000000,-1.000000,3568887202.213677,-0.092542,0.000000,0.300000,0.300000,0.000000,1.000000,1.000000
0.000000,-1.000000,3568887202.223678,-0.092542,0.000000,0.300000,0.300000,0.000000,1.000000,1.000000
0.000000,-1.000000,3568887202.233677,-0.092542,0.000000,0.300000,0.300000,0.000000,1.000000,1.000000
0.000000,-1.000000,3568887202.243677,-0.092542,0.000000,0.300000,0.300000,0.000000,1.000000,1.000000
0.000000,-1.000000,3568887202.253678,-0.092542,0.000000,0.300000,0.300000,0.000000,1.000000,1.000000
0.000000,-1.000000,3568887202.263678,-0.092542,0.000000,0.300000,0.300000,0.000000,1.000000,1.000000
0.000000,-1.000000,3568887202.273679,-0.092542,0.000000,0.300000,0.300000,0.000000,1.000000,1.000000
0.000000,-1.000000,3568887202.283679,-0.092542,0.000000,0.300000,0.300000,0.000000,1.000000,1.000000
0.000000,-1.000000,3568887202.293679,-0.092542,0.000000,0.300000,0.300000,0.000000,1.000000,1.000000
0.000000,-1.000000,3568887202.303680,-0.092542,0.000000,0.300000,0.300000,0.000000,1.000000,1.000000
0.000000,-1.000000,3568887202.313679,-0.092542,0.000000,0.300000,0.300000,0.000000,1.000000,1.000000
0.000000,-1.000000,3568887202.323680,-0.092542,0.000000,0.300000,0.300000,0.000000,1.000000,1.000000
0.000000,-1.000000,3568887202.333681,-0.092542,0.000000,0.300000,0.300000,0.000000,1.000000,1.000000
0.000000,-1.000000,3568887202.343682,-0.092542,0.000000,0.300000,0.300000,0.000000,1.000000,1.000000
0.000000,-1.000000,3568887202.353682,-0.092542,0.000000,0.300000,0.300000,0.000000,1.000000,1.000000
0.000000,-1.000000,3568887202.363682,-0.092542,0.000000,0.300000,0.300000,0.000000,1.000000,1.000000
0.000000,-1.000000,3568887202.373682,-0.092542,0.000000,0.300000,0.300000,0.000000,1.000000,1.000000
0.000000,-1.000000,3568887202.383681,-0.092542,0.000000,0.300000,0.300000,0.000000,1.000000,1.000000
0.000000,-1.000000,3568887202.393683,-0.092542,0.000000,0.300000,0.300000,0.000000,1.000000,1.000000
0.000000,-1.000000,3568887202.403682,-0.092542,0.000000,0.300000,0.300000,0.000000,1.000000,1.000000
0.000000,-1.000000,3568887202.413684,-0.092542,0.000000,0.300000,0.300000,0.000000,1.000000,1.000000
0.000000,-1.000000,3568887202.423683,-0.092542,0.000000,0.300000,0.300000,0.000000,1.000000,1.000000
0.000000,-1.000000,3568887202.433683,-0.092542,0.000000,0.300000,0.300000,0.000000,1.000000,1.000000
0.000000,-1.000000,3568887202.443683,-0.092542,0.000000,0.300000,0.300000,0.000000,1.000000,1.000000
0.000000,-1.000000,3568887202.453683,-0.092542,0.000000,0.300000,0.300000,0.000000,1.000000,1.000000
0.000000,-1.000000,3568887202.463684,-0.092542,0.000000,0.300000,0.300000,0.000000,1.000000,1.000000
0.000000,-1.000000,3568887202.473686,-0.092542,0.000000,0.300000,0.300000,0.000000,1.000000,1.000000
0.000000,-1.000000,3568887202.483685,-0.092542,0.000000,0.300000,0.300000,0.000000,1.000000,1.000000
0.000000,-1.000000,3568887202.493685,-0.092542,0.000000,0.300000,0.300000,0.000000,1.000000,1.000000
0.000000,-1.000000,3568887202.503686,-0.092542,0.000000,0.300000,0.300000,0.000000,1.000000,1.000000
0.000000,-1.000000,3568887202.513687,-0.092542,0.000000,0.300000,0.300000,0.000000,1.000000,1.000000
0.000000,-1.000000,3568887202.523687,-0.092542,0.000000,0.300000,0.300000,0.000000,1.000000,1.000000
0.000000,-1.000000,3568887202.533688,-0.092542,0.000000,0.300000,0.300000,0.000000,1.000000,1.000000
0.000000,-1.000000,3568887202.543686,-0.092542,0.000000,0.300000,0.300000,0.000000,1.000000,1.000000
0.000000,-1.000000,3568887202.553687,-0.092542,0.000000,0.300000,0.300000,0.000000,1.000000,1.000000
0.000000,-1.000000,3568887202.563687,-0.092542,0.000000,0.300000,0.300000,0.000000,1.000000,1.000000
0.000000,-1.000000,3568887202.573689,-0.092542,0.000000,0.300000,0.300000,0.000000,1.000000,1.000000
0.000000,-1.000000,3568887202.583688,-0.092542,0.000000,0.300000,0.300000,0.000000,1.000000,1.000000
0.000000,-1.000000,3568887202.593688,-0.092542,0.000000,0.300000,0.300000,0.000000,1.000000,1.000000
0.000000,-1.000000,3568887202.603689,-0.092542,0.000000,0.300000,0.300000,0.000000,1.000000,1.000000
0.000000,-1.000000,3568887202.613689,-0.092542,0.000000,0.300000,0.300000,0.000000,1.000000,1.000000
0.000000,-1.000000,3568887202.623690,-0.092542,0.000000,0.300000,0.300000,0.000000,1.000000,1.000000
0.000000,-1.000000,3568887202.633690,-0.092542,0.000000,0.300000,0.300000,0.000000,1.000000,1.000000
0.000000,-1.000000,3568887202.643690,-0.092542,0.000000,0.300000,0.300000,0.000000,1.000000,1.000000
0.000000,-1.000000,3568887202.653690,-0.092542,0.000000,0.300000,0.300000,0.000000,1.000000,1.000000
0.000000,-1.000000,3568887202.663691,-0.092542,0.000000,0.300000,0.300000,0.000000,1.000000,1.000000
0.000000,-1.000000,3568887202.673691,-0.092542,0.000000,0.300000,0.300000,0.000000,1.000000,1.000000
0.000000,-1.000000,3568887202.683691,-0.092542,0.000000,0.300000,0.300000,0.000000,1.000000,1.000000
0.000000,-1.000000,3568887202.693691,-0.092542,0.000000,0.300000,0.300000,0.000000,1.000000,1.000000
0.000000,-1.000000,3568887202.703692,-0.092542,0.000000,0.300000,0.300000,0.000000,1.000000,1.000000
0.000000,-1.000000,3568887202.713693,-0.092542,0.000000,0.300000,0.300000,0.000000,1.000000,1.000000
0.000000,-1.000000,3568887202.723692,-0.092542,0.000000,0.300000,0.300000,0.000000,1.000000,1.000000
0.000000,-1.000000,3568887202.733693,-0.092542,0.000000,0.300000,0.300000,0.000000,1.000000,1.000000
0.000000,-1.000000,3568887202.743692,-0.092542,0.000000,0.300000,0.300000,0.000000,1.000000,1.000000
0.000000,-1.000000,3568887202.753694,-0.092542,0.000000,0.300000,0.300000,0.000000,1.000000,1.000000
0.000000,-1.000000,3568887202.763693,-0.092542,0.000000,0.300000,0.300000,0.000000,1.000000,1.000000
0.000000,-1.000000,3568887202.773694,-0.092542,0.000000,0.300000,0.300000,0.000000,1.000000,1.000000
0.000000,-1.000000,3568887202.783694,-0.092542,0.000000,0.300000,0.300000,0.000000,1.000000,1.000000
0.000000,-1.000000,3568887202.793695,-0.092542,0.000000,0.300000,0.300000,0.000000,1.000000,1.000000
0.000000,-1.000000,3568887202.803696,-0.092542,0.000000,0.300000,0.300000,0.000000,1.000000,1.000000
0.000000,-1.000000,3568887202.813695,-0.092542,0.000000,0.300000,0.300000,0.000000,1.000000,1.000000
0.000000,-1.000000,3568887202.823696,-0.092542,0.000000,0.300000,0.300000,0.000000,1.000000,1.000000
0.000000,-1.000000,3568887202.833696,-0.092542,0.000000,0.300000,0.300000,0.000000,1.000000,1.000000
0.000000,-1.000000,3568887202.843697,-0.092542,0.000000,0.300000,0.300000,0.000000,1.000000,1.000000
0.000000,-1.000000,3568887202.853695,-0.092542,0.000000,0.300000,0.300000,0.000000,1.000000,1.000000
0.000000,-1.000000,3568887202.863696,-0.092542,0.000000,0.300000,0.300000,0.000000,1.000000,1.000000
0.000000,-1.000000,3568887202.873698,-0.092542,0.000000,0.300000,0.300000,0.000000,1.000000,1.000000
0.000000,-1.000000,3568887202.883698,-0.092542,0.000000,0.300000,0.300000,0.000000,1.000000,1.000000
0.000000,-1.000000,3568887202.893698,-0.092542,0.000000,0.300000,0.300000,0.000000,1.000000,1.000000
0.000000,-1.000000,3568887202.903698,-0.092542,0.000000,0.300000,0.300000,0.000000,1.000000,1.000000
0.000000,-1.000000,3568887202.913698,-0.092542,0.000000,0.300000,0.300000,0.000000,1.000000,1.000000
0.000000,-1.000000,3568887202.923700,-0.092542,0.000000,0.300000,0.300000,0.000000,1.000000,1.000000
0.000000,-1.000000,3568887202.933700,-0.092542,0.000000,0.300000,0.300000,0.000000,1.000000,1.000000
0.000000,-1.000000,3568887202.943699,-0.092542,0.000000,0.300000,0.300000,0.000000,1.000000,1.000000
0.000000,-1.000000,3568887202.953700,-0.092542,0.000000,0.300000,0.300000,0.000000,1.000000,1.000000
0.000000,-1.000000,3568887202.963699,-0.092542,0.000000,0.300000,0.300000,0.000000,1.000000,1.000000
0.000000,-1.000000,3568887202.973701,-0.092542,0.000000,0.300000,0.300000,0.000000,1.000000,1.000000
0.000000,-1.000000,3568887202.983701,-0.092542,0.000000,0.300000,0.300000,0.000000,1.000000,1.000000
0.000000,-1.000000,3568887202.993701,-0.092542,0.000000,0.300000,0.300000,0.000000,1.000000,1.000000
0.000000,-1.000000,3568887203.003701,-0.092542,0.000000,0.300000,0.300000,0.000000,1.000000,1.000000
0.000000,-1.000000,3568887203.013701,-0.092542,0.000000,0.300000,0.300000,0.000000,1.000000,1.000000
0.000000,-1.000000,3568887203.023702,-0.092542,0.000000,0.300000,0.300000,0.000000,1.000000,1.000000
0.000000,-1.000000,3568887203.033701,-0.092542,0.000000,0.300000,0.300000,0.000000,1.000000,1.000000
0.000000,-1.000000,3568887203.043701,-0.092542,0.000000,0.300000,0.300000,0.000000,1.000000,1.000000
0.000000,-1.000000,3568887203.053702,-0.092542,0.000000,0.300000,0.300000,0.000000,1.000000,1.000000
0.000000,-1.000000,3568887203.063703,-0.092542,0.000000,0.300000,0.300000,0.000000,1.000000,1.000000
0.000000,-1.000000,3568887203.073704,-0.092542,0.000000,0.300000,0.300000,0.000000,1.000000,1.000000
0.000000,-1.000000,3568887203.083704,-0.092542,0.000000,0.300000,0.300000,0.000000,1.000000,1.000000
0.000000,-1.000000,3568887203.093704,-0.092542,0.000000,0.300000,0.300000,0.000000,1.000000,1.000000
0.000000,-1.000000,3568887203.103705,-0.092542,0.000000,0.300000,0.300000,0.000000,1.000000,1.000000
0.000000,-1.000000,3568887203.113704,-0.092542,0.000000,0.300000,0.300000,0.000000,1.000000,1.000000
0.000000,-1.000000,3568887203.123704,-0.092542,0.000000,0.300000,0.300000,0.000000,1.000000,1.000000
0.000000,-1.000000,3568887203.133705,-0.092542,0.000000,0.300000,0.300000,0.000000,1.000000,1.000000
0.000000,-1.000000,3568887203.143704,-0.092542,0.000000,0.300000,0.300000,0.000000,1.000000,1.000000
0.000000,-1.000000,3568887203.153705,-0.092542,0.000000,0.300000,0.300000,0.000000,1.000000,1.000000
0.000000,-1.000000,3568887203.163705,-0.092542,0.000000,0.300000,0.300000,0.000000,1.000000,1.000000
0.000000,-1.000000,3568887203.173706,-0.092542,0.000000,0.300000,0.300000,0.000000,1.000000,1.000000
0.000000,-1.000000,3568887203.183707,-0.092542,0.000000,0.300000,0.300000,0.000000,1.000000,1.000000
0.000000,-1.000000,3568887203.193707,-0.092542,0.000000,0.300000,0.300000,0.000000,1.000000,1.000000
0.000000,-1.000000,3568887203.203707,-0.092542,0.000000,0.300000,0.300000,0.000000,1.000000,1.000000
0.000000,-1.000000,3568887203.213708,-0.092542,0.000000,0.300000,0.300000,0.000000,1.000000,1.000000
0.000000,-1.000000,3568887203.223708,-0.092542,0.000000,0.300000,0.300000,0.000000,1.000000,1.000000
0.000000,-1.000000,3568887203.233707,-0.092542,0.000000,0.300000,0.300000,0.000000,1.000000,1.000000
0.000000,-1.000000,3568887203.243709,-0.092542,0.000000,0.300000,0.300000,0.000000,1.000000,1.000000
0.000000,-1.000000,3568887203.253709,-0.092542,0.000000,0.300000,0.300000,0.000000,1.000000,1.000000
0.000000,-1.000000,3568887203.263709,-0.092542,0.000000,0.300000,0.300000,0.000000,1.000000,1.000000
0.000000,-1.000000,3568887203.273710,-0.092542,0.000000,0.300000,0.300000,0.000000,1.000000,1.000000
0.000000,-1.000000,3568887203.283710,-0.092542,0.000000,0.300000,0.300000,0.000000,1.000000,1.000000
0.000000,-1.000000,3568887203.293710,-0.092542,0.000000,0.300000,0.300000,0.000000,1.000000,1.000000
0.000000,-1.000000,3568887203.303710,-0.092542,0.000000,0.300000,0.300000,0.000000,1.000000,1.000000
0.000000,-1.000000,3568887203.313711,-0.092542,0.000000,0.300000,0.300000,0.000000,1.000000,1.000000
0.000000,-1.000000,3568887203.323711,-0.092542,0.000000,0.300000,0.300000,0.000000,1.000000,1.000000
0.000000,-1.000000,3568887203.333711,-0.092542,0.000000,0.300000,0.300000,0.000000,1.000000,1.000000
0.000000,-1.000000,3568887203.343711,-0.092542,0.000000,0.300000,0.300000,0.000000,1.000000,1.000000
0.000000,-1.000000,3568887203.353712,-0.092542,0.000000,0.300000,0.300000,0.000000,1.000000,1.000000
0.000000,-1.000000,3568887203.363711,-0.092542,0.000000,0.300000,0.300000,0.000000,1.000000,1.000000
0.000000,-1.000000,3568887203.373712,-0.092542,0.000000,0.300000,0.300000,0.000000,1.000000,1.000000
0.000000,-1.000000,3568887203.383713,-0.092542,0.000000,0.300000,0.300000,0.000000,1.000000,1.000000
0.000000,-1.000000,3568887203.393713,-0.092542,0.000000,0.300000,0.300000,0.000000,1.000000,1.000000
0.000000,-1.000000,3568887203.403713,-0.092542,0.000000,0.300000,0.300000,0.000000,1.000000,1.000000
0.000000,-1.000000,3568887203.413713,-0.092542,0.000000,0.300000,0.300000,0.000000,1.000000,1.000000
0.000000,-1.000000,3568887203.423714,-0.092542,0.000000,0.300000,0.300000,0.000000,1.000000,1.000000
0.000000,-1.000000,3568887203.433714,-0.092542,0.000000,0.300000,0.300000,0.000000,1.000000,1.000000
0.000000,-1.000000,3568887203.443713,-0.092542,0.000000,0.300000,0.300000,0.000000,1.000000,1.000000
0.000000,-1.000000,3568887203.453714,-0.092542,0.000000,0.300000,0.300000,0.000000,1.000000,1.000000
0.000000,-1.000000,3568887203.463714,-0.092542,0.000000,0.300000,0.300000,0.000000,1.000000,1.000000
0.000000,-1.000000,3568887203.473716,-0.092542,0.000000,0.300000,0.300000,0.000000,1.000000,1.000000
0.000000,-1.000000,3568887203.483715,-0.092542,0.000000,0.300000,0.300000,0.000000,1.000000,1.000000
0.000000,-1.000000,3568887203.493716,-0.092542,0.000000,0.300000,0.300000,0.000000,1.000000,1.000000
0.000000,-1.000000,3568887203.503716,-0.092542,0.000000,0.300000,0.300000,0.000000,1.000000,1.000000
0.000000,-1.000000,3568887203.513717,-0.092542,0.000000,0.300000,0.300000,0.000000,1.000000,1.000000
0.000000,-1.000000,3568887203.523717,-0.092542,0.000000,0.300000,0.300000,0.000000,1.000000,1.000000
0.000000,-1.000000,3568887203.533718,-0.092542,0.000000,0.300000,0.300000,0.000000,1.000000,1.000000
0.000000,-1.000000,3568887203.543718,-0.092542,0.000000,0.300000,0.300000,0.000000,1.000000,1.000000
0.000000,-1.000000,3568887203.553719,-0.092542,0.000000,0.300000,0.300000,0.000000,1.000000,1.000000
0.000000,-1.000000,3568887203.563718,-0.092542,0.000000,0.300000,0.300000,0.000000,1.000000,1.000000
0.000000,-1.000000,3568887203.573719,-0.092542,0.000000,0.300000,0.300000,0.000000,1.000000,1.000000
0.000000,-1.000000,3568887203.583718,-0.092542,0.000000,0.300000,0.300000,0.000000,1.000000,1.000000
0.000000,-1.000000,3568887203.593719,-0.092542,0.000000,0.300000,0.300000,0.000000,1.000000,1.000000
0.000000,-1.000000,3568887203.603719,-0.092542,0.000000,0.300000,0.300000,0.000000,1.000000,1.000000
0.000000,-1.000000,3568887203.613720,-0.092542,0.000000,0.300000,0.300000,0.000000,1.000000,1.000000
0.000000,-1.000000,3568887203.623720,-0.092542,0.000000,0.300000,0.300000,0.000000,1.000000,1.000000
0.000000,-1.000000,3568887203.633721,-0.092542,0.000000,0.300000,0.300000,0.000000,1.000000,1.000000
0.000000,-1.000000,3568887203.643720,-0.092542,0.000000,0.300000,0.300000,0.000000,1.000000,1.000000
0.000000,-1.000000,3568887203.653720,-0.092542,0.000000,0.300000,0.300000,0.000000,1.000000,1.000000
0.000000,-1.000000,3568887203.663722,-0.092542,0.000000,0.300000,0.300000,0.000000,1.000000,1.000000
0.000000,-1.000000,3568887203.673721,-0.092542,0.000000,0.300000,0.300000,0.000000,1.000000,1.000000
0.000000,-1.000000,3568887203.683723,-0.092542,0.000000,0.300000,0.300000,0.000000,1.000000,1.000000
0.000000,-1.000000,3568887203.693722,-0.092542,0.000000,0.300000,0.300000,0.000000,1.000000,1.000000
0.000000,-1.000000,3568887203.703723,-0.092542,0.000000,0.300000,0.300000,0.000000,1.000000,1.000000
0.000000,-1.000000,3568887203.713722,-0.092542,0.000000,0.300000,0.300000,0.000000,1.000000,1.000000
0.000000,-1.000000,3568887203.723724,-0.092542,0.000000,0.300000,0.300000,0.000000,1.000000,1.000000
0.000000,-1.000000,3568887203.733723,-0.092542,0.000000,0.300000,0.300000,0.000000,1.000000,1.000000
0.000000,-1.000000,3568887203.743722,-0.092542,0.000000,0.300000,0.300000,0.000000,1.000000,1.000000
0.000000,-1.000000,3568887203.753724,-0.092542,0.000000,0.300000,0.300000,0.000000,1.000000,1.000000
0.000000,-1.000000,3568887203.763724,-0.092542,0.000000,0.300000,0.300000,0.000000,1.000000,1.000000
0.000000,-1.000000,3568887203.773724,-0.092542,0.000000,0.300000,0.300000,0.000000,1.000000,1.000000
0.000000,-1.000000,3568887203.783724,-0.092542,0.000000,0.300000,0.300000,0.000000,1.000000,1.000000
0.000000,-1.000000,3568887203.793725,-0.092542,0.000000,0.300000,0.300000,0.000000,1.000000,1.000000
0.000000,-1.000000,3568887203.803726,-0.092542,0.000000,0.300000,0.300000,0.000000,1.000000,1.000000
0.000000,-1.000000,3568887203.813725,-0.092542,0.000000,0.300000,0.300000,0.000000,1.000000,1.000000
0.000000,-1.000000,3568887203.823726,-0.092542,0.000000,0.300000,0.300000,0.000000,1.000000,1.000000
0.000000,-1.000000,3568887203.833725,-0.092542,0.000000,0.300000,0.300000,0.000000,1.000000,1.000000
0.000000,-1.000000,3568887203.843727,-0.092542,0.000000,0.300000,0.300000,0.000000,1.000000,1.000000
0.000000,-1.000000,3568887203.853727,-0.092542,0.000000,0.300000,0.300000,0.000000,1.000000,1.000000
0.000000,-1.000000,3568887203.863727,-0.092542,0.000000,0.300000,0.300000,0.000000,1.000000,1.000000
0.000000,-1.000000,3568887203.873727,-0.092542,0.000000,0.300000,0.300000,0.000000,1.000000,1.000000
0.000000,-1.000000,3568887203.883728,-0.092542,0.000000,0.300000,0.300000,0.000000,1.000000,1.000000
0.000000,-1.000000,3568887203.893728,-0.092542,0.000000,0.300000,0.300000,0.000000,1.000000,1.000000
0.000000,-1.000000,3568887203.903728,-0.092542,0.000000,0.300000,0.300000,0.000000,1.000000,1.000000
0.000000,-1.000000,3568887203.913729,-0.092542,0.000000,0.300000,0.300000,0.000000,1.000000,1.000000
0.000000,-1.000000,3568887203.923729,-0.092542,0.000000,0.300000,0.300000,0.000000,1.000000,1.000000
0.000000,-1.000000,3568887203.933729,-0.092542,0.000000,0.300000,0.300000,0.000000,1.000000,1.000000
0.000000,-1.000000,3568887203.943729,-0.092542,0.000000,0.300000,0.300000,0.000000,1.000000,1.000000
0.000000,-1.000000,3568887203.953730,-0.092542,0.000000,0.300000,0.300000,0.000000,1.000000,1.000000
0.000000,-1.000000,3568887203.963730,-0.092542,0.000000,0.300000,0.300000,0.000000,1.000000,1.000000
0.000000,-1.000000,3568887203.973730,-0.092542,0.000000,0.300000,0.300000,0.000000,1.000000,1.000000
0.000000,-1.000000,3568887203.983729,-0.092542,0.000000,0.300000,0.300000,0.000000,1.000000,1.000000
0.000000,-1.000000,3568887203.993730,-0.092542,0.000000,0.300000,0.300000,0.000000,1.000000,1.000000
0.000000,-1.000000,3568887204.003731,-0.092542,0.000000,0.300000,0.300000,0.000000,1.000000,1.000000
0.000000,-1.000000,3568887204.013731,-0.092542,0.000000,0.300000,0.300000,0.000000,1.000000,1.000000
0.000000,-1.000000,3568887204.023732,-0.092542,0.000000,0.300000,0.300000,0.000000,1.000000,1.000000
0.000000,-1.000000,3568887204.033733,-0.092542,0.000000,0.300000,0.300000,0.000000,1.000000,1.000000
0.000000,-1.000000,3568887204.043731,-0.092542,0.000000,0.300000,0.300000,0.000000,1.000000,1.000000
0.000000,-1.000000,3568887204.053732,-0.092542,0.000000,0.300000,0.300000,0.000000,1.000000,1.000000
0.000000,-1.000000,3568887204.063733,-0.092542,0.000000,0.300000,0.300000,0.000000,1.000000,1.000000
0.000000,-1.000000,3568887204.073734,-0.092542,0.000000,0.300000,0.300000,0.000000,1.000000,1.000000
0.000000,-1.000000,3568887204.083734,-0.092542,0.000000,0.300000,0.300000,0.000000,1.000000,1.000000
0.000000,-1.000000,3568887204.093734,-0.092542,0.000000,0.300000,0.300000,0.000000,1.000000,1.000000
0.000000,-1.000000,3568887204.103735,-0.092542,0.000000,0.300000,0.300000,0.000000,1.000000,1.000000
0.000000,-1.000000,3568887204.113734,-0.092542,0.000000,0.300000,0.300000,0.000000,1.000000,1.000000
0.000000,-1.000000,3568887204.123735,-0.092542,0.000000,0.300000,0.300000,0.000000,1.000000,1.000000
0.000000,-1.000000,3568887204.133736,-0.092542,0.000000,0.300000,0.300000,0.000000,1.000000,1.000000
0.000000,-1.000000,3568887204.143736,-0.092542,0.000000,0.300000,0.300000,0.000000,1.000000,1.000000
0.000000,-1.000000,3568887204.153736,-0.092542,0.000000,0.300000,0.300000,0.000000,1.000000,1.000000
0.000000,-1.000000,3568887204.163736,-0.092542,0.000000,0.300000,0.300000,0.000000,1.000000,1.000000
0.000000,-1.000000,3568887204.173737,-0.092542,0.000000,0.300000,0.300000,0.000000,1.000000,1.000000
0.000000,-1.000000,3568887204.183736,-0.092542,0.000000,0.300000,0.300000,0.000000,1.000000,1.000000
0.000000,-1.000000,3568887204.193737,-0.092542,0.000000,0.300000,0.300000,0.000000,1.000000,1.000000
0.000000,-1.000000,3568887204.203737,-0.092542,0.000000,0.300000,0.300000,0.000000,1.000000,1.000000
0.000000,-1.000000,3568887204.213738,-0.092542,0.000000,0.300000,0.300000,0.000000,1.000000,1.000000
0.000000,-1.000000,3568887204.223739,-0.092542,0.000000,0.300000,0.300000,0.000000,1.000000,1.000000
0.000000,-1.000000,3568887204.233738,-0.092542,0.000000,0.300000,0.300000,0.000000,1.000000,1.000000
0.000000,-1.000000,3568887204.243737,-0.092542,0.000000,0.300000,0.300000,0.000000,1.000000,1.000000
0.000000,-1.000000,3568887204.253738,-0.092542,0.000000,0.300000,0.300000,0.000000,1.000000,1.000000
0.000000,-1.000000,3568887204.263740,-0.092542,0.000000,0.300000,0.300000,0.000000,1.000000,1.000000
0.000000,-1.000000,3568887204.273740,-0.092542,0.000000,0.300000,0.300000,0.000000,1.000000,1.000000
0.000000,-1.000000,3568887204.283740,-0.092542,0.000000,0.300000,0.300000,0.000000,1.000000,1.000000
0.000000,-1.000000,3568887204.293742,-0.092542,0.000000,0.300000,0.300000,0.000000,1.000000,1.000000
0.000000,-1.000000,3568887204.303741,-0.092542,0.000000,0.300000,0.300000,0.000000,1.000000,1.000000
0.000000,-1.000000,3568887204.313741,-0.092542,0.000000,0.300000,0.300000,0.000000,1.000000,1.000000
0.000000,-1.000000,3568887204.323741,-0.092542,0.000000,0.300000,0.300000,0.000000,1.000000,1.000000
0.000000,-1.000000,3568887204.333742,-0.092542,0.000000,0.300000,0.300000,0.000000,1.000000,1.000000
0.000000,-1.000000,3568887204.343742,-0.092542,0.000000,0.300000,0.300000,0.000000,1.000000,1.000000
0.000000,-1.000000,3568887204.353742,-0.092542,0.000000,0.300000,0.300000,0.000000,1.000000,1.000000
0.000000,-1.000000,3568887204.363743,-0.092542,0.000000,0.300000,0.300000,0.000000,1.000000,1.000000
0.000000,-1.000000,3568887204.373743,-0.092542,0.000000,0.300000,0.300000,0.000000,1.000000,1.000000
0.000000,-1.000000,3568887204.383743,-0.092542,0.000000,0.300000,0.300000,0.000000,1.000000,1.000000
0.000000,-1.000000,3568887204.393744,-0.092542,0.000000,0.300000,0.300000,0.000000,1.000000,1.000000
0.000000,-1.000000,3568887204.403744,-0.092542,0.000000,0.300000,0.300000,0.000000,1.000000,1.000000
0.000000,-1.000000,3568887204.413744,-0.092542,0.000000,0.300000,0.300000,0.000000,1.000000,1.000000
0.000000,-1.000000,3568887204.423745,-0.092542,0.000000,0.300000,0.300000,0.000000,1.000000,1.000000
0.000000,-1.000000,3568887204.433744,-0.092542,0.000000,0.300000,0.300000,0.000000,1.000000,1.000000
0.000000,-1.000000,3568887204.443745,-0.092542,0.000000,0.300000,0.300000,0.000000,1.000000,1.000000
0.000000,-1.000000,3568887204.453745,-0.092542,0.000000,0.300000,0.300000,0.000000,1.000000,1.000000
0.000000,-1.000000,3568887204.463745,-0.092542,0.000000,0.300000,0.300000,0.000000,1.000000,1.000000
0.000000,-1.000000,3568887204.473745,-0.092542,0.000000,0.300000,0.300000,0.000000,1.000000,1.000000
0.000000,-1.000000,3568887204.483746,-0.092542,0.000000,0.300000,0.300000,0.000000,1.000000,1.000000
0.000000,-1.000000,3568887204.493746,-0.092542,0.000000,0.300000,0.300000,0.000000,1.000000,1.000000
0.000000,-1.000000,3568887204.503747,-0.092542,0.000000,0.300000,0.300000,0.000000,1.000000,1.000000
0.000000,-1.000000,3568887204.513748,-0.092542,0.000000,0.300000,0.300000,0.000000,1.000000,1.000000
0.000000,-1.000000,3568887204.523748,-0.092542,0.000000,0.300000,0.300000,0.000000,1.000000,1.000000
0.000000,-1.000000,3568887204.533748,-0.092542,0.000000,0.300000,0.300000,0.000000,1.000000,1.000000
0.000000,-1.000000,3568887204.543747,-0.092542,0.000000,0.300000,0.300000,0.000000,1.000000,1.000000
0.000000,-1.000000,3568887204.553749,-0.092542,0.000000,0.300000,0.300000,0.000000,1.000000,1.000000
0.000000,-1.000000,3568887204.563748,-0.092542,0.000000,0.300000,0.300000,0.000000,1.000000,1.000000
0.000000,-1.000000,3568887204.573749,-0.092542,0.000000,0.300000,0.300000,0.000000,1.000000,1.000000
0.000000,-1.000000,3568887204.583749,-0.092542,0.000000,0.300000,0.300000,0.000000,1.000000,1.000000
0.000000,-1.000000,3568887204.593750,-0.092542,0.000000,0.300000,0.300000,0.000000,1.000000,1.000000
0.000000,-1.000000,3568887204.603749,-0.092542,0.000000,0.300000,0.300000,0.000000,1.000000,1.000000
0.000000,-1.000000,3568887204.613750,-0.092542,0.000000,0.300000,0.300000,0.000000,1.000000,1.000000
0.000000,-1.000000,3568887204.623751,-0.092542,0.000000,0.300000,0.300000,0.000000,1.000000,1.000000
0.000000,-1.000000,3568887204.633751,-0.092542,0.000000,0.300000,0.300000,0.000000,1.000000,1.000000
0.000000,-1.000000,3568887204.643750,-0.092542,0.000000,0.300000,0.300000,0.000000,1.000000,1.000000
0.000000,-1.000000,3568887204.653751,-0.092542,0.000000,0.300000,0.300000,0.000000,1.000000,1.000000
0.000000,-1.000000,3568887204.663752,-0.092542,0.000000,0.300000,0.300000,0.000000,1.000000,1.000000
0.000000,-1.000000,3568887204.673752,-0.092542,0.000000,0.300000,0.300000,0.000000,1.000000,1.000000
0.000000,-1.000000,3568887204.683751,-0.092542,0.000000,0.300000,0.300000,0.000000,1.000000,1.000000
0.000000,-1.000000,3568887204.693752,-0.092542,0.000000,0.300000,0.300000,0.000000,1.000000,1.000000
0.000000,-1.000000,3568887204.703753,-0.092542,0.000000,0.300000,0.300000,0.000000,1.000000,1.000000
0.000000,-1.000000,3568887204.713753,-0.092542,0.000000,0.300000,0.300000,0.000000,1.000000,1.000000
0.000000,-1.000000,3568887204.723753,-0.092542,0.000000,0.300000,0.300000,0.000000,1.000000,1.000000
0.000000,-1.000000,3568887204.733754,-0.092542,0.000000,0.300000,0.300000,0.000000,1.000000,1.000000
0.000000,-1.000000,3568887204.743754,-0.092542,0.000000,0.300000,0.300000,0.000000,1.000000,1.000000
0.000000,-1.000000,3568887204.753755,-0.092542,0.000000,0.300000,0.300000,0.000000,1.000000,1.000000
0.000000,-1.000000,3568887204.763754,-0.092542,0.000000,0.300000,0.300000,0.000000,1.000000,1.000000
0.000000,-1.000000,3568887204.773755,-0.092542,0.000000,0.300000,0.300000,0.000000,1.000000,1.000000
0.000000,-1.000000,3568887204.783755,-0.092542,0.000000,0.300000,0.300000,0.000000,1.000000,1.000000
0.000000,-1.000000,3568887204.793756,-0.092542,0.000000,0.300000,0.300000,0.000000,1.000000,1.000000
0.000000,-1.000000,3568887204.803758,-0.092542,0.000000,0.300000,0.300000,0.000000,1.000000,1.000000
0.000000,-1.000000,3568887204.813756,-0.092542,0.000000,0.300000,0.300000,0.000000,1.000000,1.000000
0.000000,-1.000000,3568887204.823757,-0.082305,0.000000,0.300000,0.300000,0.000000,1.000000,1.000000
0.000000,-1.000000,3568887204.833757,-0.082305,0.000000,0.300000,0.300000,0.000000,1.000000,1.000000
0.041231,-1.000000,3568887204.843757,-0.092542,0.000000,0.300000,0.300000,0.000000,1.000000,1.000000
0.041231,-1.000000,3568887204.853757,-0.092542,0.041207,0.300000,0.300000,0.000000,1.000000,1.000000
0.041231,-1.000000,3568887204.863758,-0.092542,0.041207,0.300000,0.300000,0.000000,1.000000,1.000000
0.051546,-1.000000,3568887204.873758,-0.082305,0.041207,0.300000,0.300000,0.000000,1.000000,1.000000
0.051546,-1.000000,3568887204.883758,-0.082305,0.051500,0.300000,0.300000,0.000000,1.000000,1.000000
0.051546,-1.000000,3568887204.893758,-0.082305,0.051500,0.300000,0.300000,0.000000,1.000000,1.000000
0.072146,-1.000000,3568887204.903759,0.000000,0.051500,0.300000,0.300000,0.000000,1.000000,1.000000
0.072146,-1.000000,3568887204.913760,0.000000,0.072021,0.300000,0.300000,0.000000,1.000000,1.000000
0.113376,-1.000000,3568887204.923759,0.000000,0.072021,0.300000,0.300000,0.000000,1.000000,1.000000
0.113376,-1.000000,3568887204.933760,0.000000,0.112894,0.300000,0.300000,0.000000,1.000000,1.000000
0.113376,-1.000000,3568887204.943759,0.000000,0.112894,0.300000,0.300000,0.000000,1.000000,1.000000
0.123692,-1.000000,3568887204.953761,0.000000,0.112894,0.300000,0.300000,0.000000,0.000000,1.000000
0.123692,-1.000000,3568887204.963761,0.000000,0.123066,0.300000,0.300000,0.000000,0.000000,1.000000
0.092776,-1.000000,3568887204.973762,0.000000,0.123066,0.300000,0.300000,0.000000,0.000000,1.000000
0.092776,-0.731986,3568887204.983761,0.000000,0.092511,0.300000,0.300000,0.000000,0.000000,1.000000
0.092776,-0.731986,3568887204.993762,0.000000,0.126074,0.300000,0.300000,0.000000,0.000000,0.737843
-0.010315,-0.731986,3568887205.003762,0.000000,0.126074,0.300000,0.300000,0.000000,0.000000,0.737843
-0.010315,0.257729,3568887205.013762,0.000000,-0.014091,0.300000,0.300000,0.000000,0.000000,0.732059
-0.010315,0.257729,3568887205.023763,0.000000,-3.101590,0.300000,0.300000,0.000000,0.000000,0.257935
0.000000,0.257729,3568887205.033763,0.000000,-3.101590,0.300000,0.300000,0.000000,0.000000,0.257935
0.000000,0.000000,3568887205.043763,0.000000,3.141593,0.300000,0.300000,0.000000,0.000000,0.257729
0.000000,0.000000,3568887205.053763,0.000000,0.000000,0.300000,0.300000,0.000000,0.000000,0.000000
0.000000,0.000000,3568887205.063764,0.000000,0.000000,0.300000,0.300000,0.000000,0.000000,0.000000
0.000000,0.000000,3568887205.073764,0.000000,0.000000,0.300000,0.300000,0.000000,0.000000,0.000000
0.000000,0.000000,3568887205.083764,0.000000,0.000000,0.300000,0.300000,0.000000,0.000000,0.000000
0.000000,0.000000,3568887205.093766,0.000000,0.000000,0.300000,0.300000,0.000000,0.000000,0.000000
0.000000,0.000000,3568887205.103765,0.000000,0.000000,0.300000,0.300000,0.000000,0.000000,0.000000
0.000000,0.000000,3568887205.113766,0.000000,0.000000,0.300000,0.300000,0.000000,0.000000,0.000000
0.000000,0.000000,3568887205.123765,0.000000,0.000000,0.300000,0.300000,0.000000,0.000000,0.000000
0.000000,0.000000,3568887205.133766,0.000000,0.000000,0.300000,0.300000,0.000000,0.000000,0.000000
0.000000,0.000000,3568887205.143765,0.000000,0.000000,0.300000,0.300000,0.000000,0.000000,0.000000
0.000000,0.000000,3568887205.153766,0.000000,0.000000,0.300000,0.300000,0.000000,0.000000,0.000000
0.000000,0.000000,3568887205.163767,0.000000,0.000000,0.300000,0.300000,0.000000,0.000000,0.000000
0.000000,0.000000,3568887205.173767,0.000000,0.000000,0.300000,0.300000,0.000000,0.000000,0.000000
0.000000,0.000000,3568887205.183767,0.000000,0.000000,0.300000,0.300000,0.000000,0.000000,0.000000
0.000000,0.000000,3568887205.193767,0.000000,0.000000,0.300000,0.300000,0.000000,0.000000,0.000000
0.000000,0.000000,3568887205.203768,0.000000,0.000000,0.300000,0.300000,0.000000,0.000000,0.000000
0.000000,0.000000,3568887205.213768,0.000000,0.000000,0.300000,0.300000,0.000000,0.000000,0.000000
0.000000,0.000000,3568887205.223769,0.000000,0.000000,0.300000,0.300000,0.000000,0.000000,0.000000
0.000000,0.000000,3568887205.233769,0.000000,0.000000,0.300000,0.300000,0.000000,0.000000,0.000000
0.000000,0.000000,3568887205.243769,0.000000,0.000000,0.300000,0.300000,0.000000,0.000000,0.000000
0.000000,0.000000,3568887205.253769,0.000000,0.000000,0.300000,0.300000,0.000000,0.000000,0.000000
0.000000,0.000000,3568887205.263770,0.000000,0.000000,0.300000,0.300000,0.000000,0.000000,0.000000
0.000000,0.000000,3568887205.273771,0.000000,0.000000,0.300000,0.300000,0.000000,0.000000,0.000000
0.000000,0.000000,3568887205.283770,0.000000,0.000000,0.300000,0.300000,0.000000,0.000000,0.000000
0.000000,0.000000,3568887205.293771,0.000000,0.000000,0.300000,0.300000,0.000000,0.000000,0.000000
0.000000,0.000000,3568887205.303771,0.000000,0.000000,0.300000,0.300000,0.000000,0.000000,0.000000
0.000000,0.000000,3568887205.313772,0.000000,0.000000,0.300000,0.300000,0.000000,0.000000,0.000000
0.000000,0.000000,3568887205.323771,0.000000,0.000000,0.300000,0.300000,0.000000,0.000000,0.000000
0.000000,0.000000,3568887205.333772,0.000000,0.000000,0.300000,0.300000,0.000000,0.000000,0.000000
0.000000,0.000000,3568887205.343772,0.000000,0.000000,0.300000,0.300000,0.000000,0.000000,0.000000
0.000000,0.000000,3568887205.353773,0.000000,0.000000,0.300000,0.300000,0.000000,0.000000,0.000000
0.000000,0.000000,3568887205.363773,0.000000,0.000000,0.300000,0.300000,0.000000,0.000000,0.000000
0.000000,0.000000,3568887205.373773,0.000000,0.000000,0.300000,0.300000,0.000000,0.000000,0.000000
0.000000,0.000000,3568887205.383773,0.000000,0.000000,0.300000,0.300000,0.000000,0.000000,0.000000
0.000000,0.000000,3568887205.393774,0.000000,0.000000,0.300000,0.300000,0.000000,0.000000,0.000000
0.000000,0.000000,3568887205.403774,0.000000,0.000000,0.300000,0.300000,0.000000,0.000000,0.000000
0.000000,0.000000,3568887205.413775,0.000000,0.000000,0.300000,0.300000,0.000000,0.000000,0.000000
0.000000,0.000000,3568887205.423776,0.000000,0.000000,0.300000,0.300000,0.000000,0.000000,0.000000
0.000000,0.000000,3568887205.433775,0.000000,0.000000,0.300000,0.300000,0.000000,0.000000,0.000000
0.000000,0.000000,3568887205.443774,0.000000,0.000000,0.300000,0.300000,0.000000,0.000000,0.000000
0.000000,0.000000,3568887205.453776,0.000000,0.000000,0.300000,0.300000,0.000000,0.000000,0.000000
0.000000,0.000000,3568887205.463776,0.000000,0.000000,0.300000,0.300000,0.000000,0.000000,0.000000
0.000000,0.000000,3568887205.473776,0.000000,0.000000,0.300000,0.300000,0.000000,0.000000,0.000000
0.000000,0.000000,3568887205.483777,0.000000,0.000000,0.300000,0.300000,0.000000,0.000000,0.000000
0.000000,0.000000,3568887205.493777,0.000000,0.000000,0.300000,0.300000,0.000000,0.000000,0.000000
0.000000,0.000000,3568887205.503777,0.000000,0.000000,0.300000,0.300000,0.000000,0.000000,0.000000
0.000000,0.000000,3568887205.513778,0.000000,0.000000,0.300000,0.300000,0.000000,0.000000,0.000000
0.000000,0.000000,3568887205.523778,0.000000,0.000000,0.300000,0.300000,0.000000,0.000000,0.000000
0.000000,0.000000,3568887205.533779,0.000000,0.000000,0.300000,0.300000,0.000000,0.000000,0.000000
0.000000,0.000000,3568887205.543777,0.000000,0.000000,0.300000,0.300000,0.000000,0.000000,0.000000
0.000000,0.000000,3568887205.553779,0.000000,0.000000,0.300000,0.300000,0.000000,0.000000,0.000000
0.000000,0.000000,3568887205.563778,0.000000,0.000000,0.300000,0.300000,0.000000,0.000000,0.000000
0.000000,0.000000,3568887205.573781,0.000000,0.000000,0.300000,0.300000,0.000000,0.000000,0.000000
0.000000,0.000000,3568887205.583780,0.000000,0.000000,0.300000,0.300000,0.000000,0.000000,0.000000
0.000000,0.000000,3568887205.593781,0.000000,0.000000,0.300000,0.300000,0.000000,0.000000,0.000000
0.000000,0.000000,3568887205.603779,0.000000,0.000000,0.300000,0.300000,0.000000,0.000000,0.000000
0.000000,0.000000,3568887205.613780,0.000000,0.000000,0.300000,0.300000,0.000000,0.000000,0.000000
0.000000,0.000000,3568887205.623781,0.000000,0.000000,0.300000,0.300000,0.000000,0.000000,0.000000
0.000000,0.000000,3568887205.633782,0.000000,0.000000,0.300000,0.300000,0.000000,0.000000,0.000000
0.000000,0.000000,3568887205.643782,0.000000,0.000000,0.300000,0.300000,0.000000,0.000000,0.000000
0.000000,0.000000,3568887205.653782,0.000000,0.000000,0.300000,0.300000,0.000000,0.000000,0.000000
0.000000,0.000000,3568887205.663782,0.000000,0.000000,0.300000,0.300000,0.000000,0.000000,0.000000
0.000000,0.000000,3568887205.673783,0.000000,0.000000,0.300000,0.300000,0.000000,0.000000,0.000000
0.000000,0.000000,3568887205.683783,0.000000,0.000000,0.300000,0.300000,0.000000,0.000000,0.000000
0.000000,0.000000,3568887205.693783,0.000000,0.000000,0.300000,0.300000,0.000000,0.000000,0.000000
0.000000,0.000000,3568887205.703783,0.000000,0.000000,0.300000,0.300000,0.000000,0.000000,0.000000
0.000000,0.000000,3568887205.713784,0.000000,0.000000,0.300000,0.300000,0.000000,0.000000,0.000000
0.000000,0.000000,3568887205.723784,0.000000,0.000000,0.300000,0.300000,0.000000,0.000000,0.000000
0.000000,0.000000,3568887205.733784,0.000000,0.000000,0.300000,0.300000,0.000000,0.000000,0.000000
0.000000,0.000000,3568887205.743783,0.000000,0.000000,0.300000,0.300000,0.000000,0.000000,0.000000
0.000000,0.000000,3568887205.753785,0.000000,0.000000,0.300000,0.300000,0.000000,0.000000,0.000000
0.000000,0.000000,3568887205.763784,0.000000,0.000000,0.300000,0.300000,0.000000,0.000000,0.000000
0.000000,0.000000,3568887205.773786,0.000000,0.000000,0.300000,0.300000,0.000000,0.000000,0.000000
0.000000,0.000000,3568887205.783785,0.000000,0.000000,0.300000,0.300000,0.000000,0.000000,0.000000
0.000000,0.000000,3568887205.793786,0.000000,0.000000,0.300000,0.300000,0.000000,0.000000,0.000000
0.000000,0.000000,3568887205.803787,0.000000,0.000000,0.300000,0.300000,0.000000,0.000000,0.000000
0.000000,0.000000,3568887205.813787,0.000000,0.000000,0.300000,0.300000,0.000000,0.000000,0.000000
0.000000,0.000000,3568887205.823787,0.000000,0.000000,0.300000,0.300000,0.000000,0.000000,0.000000
0.000000,0.000000,3568887205.833787,0.000000,0.000000,0.300000,0.300000,0.000000,0.000000,0.000000
0.000000,0.000000,3568887205.843787,0.000000,0.000000,0.300000,0.300000,0.000000,0.000000,0.000000
0.000000,0.000000,3568887205.853788,0.000000,0.000000,0.300000,0.300000,0.000000,0.000000,0.000000
0.000000,0.000000,3568887205.863787,0.000000,0.000000,0.300000,0.300000,0.000000,0.000000,0.000000
0.000000,0.000000,3568887205.873789,0.000000,0.000000,0.300000,0.300000,0.000000,0.000000,0.000000
0.000000,0.000000,3568887205.883789,0.000000,0.000000,0.300000,0.300000,0.000000,0.000000,0.000000
0.000000,0.000000,3568887205.893789,0.000000,0.000000,0.300000,0.300000,0.000000,0.000000,0.000000
0.000000,0.000000,3568887205.903790,0.000000,0.000000,0.300000,0.300000,0.000000,0.000000,0.000000
0.000000,0.000000,3568887205.913789,0.000000,0.000000,0.300000,0.300000,0.000000,0.000000,0.000000
0.000000,0.000000,3568887205.923789,0.000000,0.000000,0.300000,0.300000,0.000000,0.000000,0.000000
0.000000,0.000000,3568887205.933791,0.000000,0.000000,0.300000,0.300000,0.000000,0.000000,0.000000
0.000000,0.000000,3568887205.943791,0.000000,0.000000,0.300000,0.300000,0.000000,0.000000,0.000000
0.000000,0.000000,3568887205.953791,0.000000,0.000000,0.300000,0.300000,0.000000,0.000000,0.000000
0.000000,0.000000,3568887205.963791,0.000000,0.000000,0.300000,0.300000,0.000000,0.000000,0.000000
0.000000,0.000000,3568887205.973793,0.000000,0.000000,0.300000,0.300000,0.000000,0.000000,0.000000
0.000000,0.000000,3568887205.983791,0.000000,0.000000,0.300000,0.300000,0.000000,0.000000,0.000000
0.000000,0.000000,3568887205.993793,0.000000,0.000000,0.300000,0.300000,0.000000,0.000000,0.000000
0.000000,0.000000,3568887206.003791,0.000000,0.000000,0.300000,0.300000,0.000000,0.000000,0.000000
0.000000,0.000000,3568887206.013792,0.000000,0.000000,0.300000,0.300000,0.000000,0.000000,0.000000
0.000000,0.000000,3568887206.023793,0.000000,0.000000,0.300000,0.300000,0.000000,0.000000,0.000000
0.000000,0.000000,3568887206.033793,0.000000,0.000000,0.300000,0.300000,0.000000,0.000000,0.000000
0.000000,0.000000,3568887206.043793,0.000000,0.000000,0.300000,0.300000,0.000000,0.000000,0.000000
0.000000,0.000000,3568887206.053793,0.000000,0.000000,0.300000,0.300000,0.000000,0.000000,0.000000
0.000000,0.000000,3568887206.063794,0.000000,0.000000,0.300000,0.300000,0.000000,0.000000,0.000000
0.000000,0.000000,3568887206.073795,0.000000,0.000000,0.300000,0.300000,0.000000,0.000000,0.000000
0.000000,0.000000,3568887206.083794,0.000000,0.000000,0.300000,0.300000,0.000000,0.000000,0.000000
0.000000,0.000000,3568887206.093797,0.000000,0.000000,0.300000,0.300000,0.000000,0.000000,0.000000
0.000000,0.000000,3568887206.103796,0.000000,0.000000,0.300000,0.300000,0.000000,0.000000,0.000000
0.000000,0.000000,3568887206.113795,0.000000,0.000000,0.300000,0.300000,0.000000,0.000000,0.000000
0.000000,0.000000,3568887206.123797,0.000000,0.000000,0.300000,0.300000,0.000000,0.000000,0.000000
0.000000,0.000000,3568887206.133797,0.000000,0.000000,0.300000,0.300000,0.000000,0.000000,0.000000
0.000000,0.000000,3568887206.143795,0.000000,0.000000,0.300000,0.300000,0.000000,0.000000,0.000000
0.000000,0.000000,3568887206.153797,0.000000,0.000000,0.300000,0.300000,0.000000,0.000000,0.000000
0.000000,0.000000,3568887206.163798,0.000000,0.000000,0.300000,0.300000,0.000000,0.000000,0.000000
0.000000,0.000000,3568887206.173798,0.000000,0.000000,0.300000,0.300000,0.000000,0.000000,0.000000
0.000000,0.000000,3568887206.183797,0.000000,0.000000,0.300000,0.300000,0.000000,0.000000,0.000000
0.000000,0.000000,3568887206.193799,0.000000,0.000000,0.300000,0.300000,0.000000,0.000000,0.000000
0.000000,0.000000,3568887206.203798,0.000000,0.000000,0.300000,0.300000,0.000000,0.000000,0.000000
0.000000,0.000000,3568887206.213799,0.000000,0.000000,0.300000,0.300000,0.000000,0.000000,0.000000
0.000000,0.000000,3568887206.223800,0.000000,0.000000,0.300000,0.300000,0.000000,0.000000,0.000000
0.000000,0.000000,3568887206.233799,0.000000,0.000000,0.300000,0.300000,0.000000,0.000000,0.000000
0.000000,0.000000,3568887206.243800,0.000000,0.000000,0.300000,0.300000,0.000000,0.000000,0.000000
0.000000,0.000000,3568887206.253799,0.000000,0.000000,0.300000,0.300000,0.000000,0.000000,0.000000
0.000000,0.000000,3568887206.263800,0.000000,0.000000,0.300000,0.300000,0.000000,0.000000,0.000000
0.000000,0.000000,3568887206.273801,0.000000,0.000000,0.300000,0.300000,0.000000,0.000000,0.000000
0.000000,0.000000,3568887206.283802,0.000000,0.000000,0.300000,0.300000,0.000000,0.000000,0.000000
0.000000,0.000000,3568887206.293801,0.000000,0.000000,0.300000,0.300000,0.000000,0.000000,0.000000
0.000000,0.000000,3568887206.303801,0.000000,0.000000,0.300000,0.300000,0.000000,0.000000,0.000000
0.000000,0.000000,3568887206.313802,0.000000,0.000000,0.300000,0.300000,0.000000,0.000000,0.000000
0.000000,0.000000,3568887206.323802,0.000000,0.000000,0.300000,0.300000,0.000000,0.000000,0.000000
0.000000,0.000000,3568887206.333803,0.000000,0.000000,0.300000,0.300000,0.000000,0.000000,0.000000
0.000000,0.000000,3568887206.343803,0.000000,0.000000,0.300000,0.300000,0.000000,0.000000,0.000000
0.000000,0.000000,3568887206.353803,0.000000,0.000000,0.300000,0.300000,0.000000,0.000000,0.000000
0.000000,0.000000,3568887206.363803,0.000000,0.000000,0.300000,0.300000,0.000000,0.000000,0.000000
0.000000,0.000000,3568887206.373803,0.000000,0.000000,0.300000,0.300000,0.000000,0.000000,0.000000
0.000000,0.000000,3568887206.383804,0.000000,0.000000,0.300000,0.300000,0.000000,0.000000,0.000000
0.000000,0.000000,3568887206.393804,0.000000,0.000000,0.300000,0.300000,0.000000,0.000000,0.000000
0.000000,0.000000,3568887206.403805,0.000000,0.000000,0.300000,0.300000,0.000000,0.000000,0.000000
0.000000,0.000000,3568887206.413805,0.000000,0.000000,0.300000,0.300000,0.000000,0.000000,0.000000
0.000000,0.000000,3568887206.423805,0.000000,0.000000,0.300000,0.300000,0.000000,0.000000,0.000000
0.000000,0.000000,3568887206.433805,0.000000,0.000000,0.300000,0.300000,0.000000,0.000000,0.000000
0.000000,0.000000,3568887206.443805,0.000000,0.000000,0.300000,0.300000,0.000000,0.000000,0.000000
0.000000,0.000000,3568887206.453806,0.000000,0.000000,0.300000,0.300000,0.000000,0.000000,0.000000
0.000000,0.000000,3568887206.463806,0.000000,0.000000,0.300000,0.300000,0.000000,0.000000,0.000000
0.000000,0.000000,3568887206.473807,0.000000,0.000000,0.300000,0.300000,0.000000,0.000000,0.000000
0.000000,0.000000,3568887206.483807,0.000000,0.000000,0.300000,0.300000,0.000000,0.000000,0.000000
0.000000,0.000000,3568887206.493806,0.000000,0.000000,0.300000,0.300000,0.000000,0.000000,0.000000
0.000000,0.000000,3568887206.503808,0.000000,0.000000,0.300000,0.300000,0.000000,0.000000,0.000000
0.000000,0.000000,3568887206.513807,0.000000,0.000000,0.300000,0.300000,0.000000,0.000000,0.000000
0.000000,0.000000,3568887206.523808,0.000000,0.000000,0.300000,0.300000,0.000000,0.000000,0.000000
0.000000,0.000000,3568887206.533808,0.000000,0.000000,0.300000,0.300000,0.000000,0.000000,0.000000
0.000000,0.000000,3568887206.543809,0.000000,0.000000,0.300000,0.300000,0.000000,0.000000,0.000000
0.000000,0.000000,3568887206.553810,0.000000,0.000000,0.300000,0.300000,0.000000,0.000000,0.000000
0.000000,0.000000,3568887206.563809,0.000000,0.000000,0.300000,0.300000,0.000000,0.000000,0.000000
0.000000,0.000000,3568887206.573810,0.000000,0.000000,0.300000,0.300000,0.000000,0.000000,0.000000
0.000000,0.000000,3568887206.583809,0.000000,0.000000,0.300000,0.300000,0.000000,0.000000,0.000000
0.000000,0.000000,3568887206.593811,0.000000,0.000000,0.300000,0.300000,0.000000,0.000000,0.000000
0.000000,0.000000,3568887206.603810,0.000000,0.000000,0.300000,0.300000,0.000000,0.000000,0.000000
0.000000,0.000000,3568887206.613812,0.000000,0.000000,0.300000,0.300000,0.000000,0.000000,0.000000
0.000000,0.000000,3568887206.623811,0.000000,0.000000,0.300000,0.300000,0.000000,0.000000,0.000000
0.000000,0.000000,3568887206.633812,0.000000,0.000000,0.300000,0.300000,0.000000,0.000000,0.000000
0.000000,0.000000,3568887206.643811,0.000000,0.000000,0.300000,0.300000,0.000000,0.000000,0.000000
0.000000,0.000000,3568887206.653811,0.000000,0.000000,0.300000,0.300000,0.000000,0.000000,0.000000
0.000000,0.000000,3568887206.663813,0.000000,0.000000,0.300000,0.300000,0.000000,0.000000,0.000000
0.000000,0.000000,3568887206.673813,0.000000,0.000000,0.300000,0.300000,0.000000,0.000000,0.000000
0.000000,0.000000,3568887206.683814,0.000000,0.000000,0.300000,0.300000,0.000000,0.000000,0.000000
0.000000,0.000000,3568887206.693813,0.000000,0.000000,0.300000,0.300000,0.000000,0.000000,0.000000
0.000000,0.000000,3568887206.703814,0.000000,0.000000,0.300000,0.300000,0.000000,0.000000,0.000000
0.000000,0.000000,3568887206.713813,0.000000,0.000000,0.300000,0.300000,0.000000,0.000000,0.000000
0.000000,0.000000,3568887206.723815,0.000000,0.000000,0.300000,0.300000,0.000000,0.000000,0.000000
0.000000,0.000000,3568887206.733815,0.000000,0.000000,0.300000,0.300000,0.000000,0.000000,0.000000
0.000000,0.000000,3568887206.743814,0.000000,0.000000,0.300000,0.300000,0.000000,0.000000,0.000000
0.000000,0.000000,3568887206.753815,0.000000,0.000000,0.300000,0.300000,0.000000,0.000000,0.000000
0.000000,0.000000,3568887206.763815,0.000000,0.000000,0.300000,0.300000,0.000000,0.000000,0.000000
0.000000,0.000000,3568887206.773816,0.000000,0.000000,0.300000,0.300000,0.000000,0.000000,0.000000
0.000000,0.000000,3568887206.783816,0.000000,0.000000,0.300000,0.300000,0.000000,0.000000,0.000000
0.000000,0.000000,3568887206.793817,0.000000,0.000000,0.300000,0.300000,0.000000,0.000000,0.000000
0.000000,0.000000,3568887206.803818,0.000000,0.000000,0.300000,0.300000,0.000000,0.000000,0.000000
0.000000,0.000000,3568887206.813817,0.000000,0.000000,0.300000,0.300000,0.000000,0.000000,0.000000
0.000000,0.000000,3568887206.823818,0.000000,0.000000,0.300000,0.300000,0.000000,0.000000,0.000000
0.000000,0.000000,3568887206.833817,0.000000,0.000000,0.300000,0.300000,0.000000,0.000000,0.000000
0.000000,0.000000,3568887206.843818,0.000000,0.000000,0.300000,0.300000,0.000000,0.000000,0.000000
0.000000,0.000000,3568887206.853818,0.000000,0.000000,0.300000,0.300000,0.000000,0.000000,0.000000
0.000000,0.000000,3568887206.863819,0.000000,0.000000,0.300000,0.300000,0.000000,0.000000,0.000000
0.000000,0.000000,3568887206.873819,0.000000,0.000000,0.300000,0.300000,0.000000,0.000000,0.000000
0.000000,0.000000,3568887206.883819,0.000000,0.000000,0.300000,0.300000,0.000000,0.000000,0.000000
0.000000,0.000000,3568887206.893820,0.000000,0.000000,0.300000,0.300000,0.000000,0.000000,0.000000
0.000000,0.000000,3568887206.903820,0.000000,0.000000,0.300000,0.300000,0.000000,0.000000,0.000000
0.000000,0.000000,3568887206.913820,0.000000,0.000000,0.300000,0.300000,0.000000,0.000000,0.000000
0.000000,0.000000,3568887206.923820,0.000000,0.000000,0.300000,0.300000,0.000000,0.000000,0.000000
0.000000,0.000000,3568887206.933822,0.000000,0.000000,0.300000,0.300000,0.000000,0.000000,0.000000
0.000000,0.000000,3568887206.943820,0.000000,0.000000,0.300000,0.300000,0.000000,0.000000,0.000000
0.000000,0.000000,3568887206.953822,0.000000,0.000000,0.300000,0.300000,0.000000,0.000000,0.000000
0.000000,0.000000,3568887206.963821,0.000000,0.000000,0.300000,0.300000,0.000000,0.000000,0.000000
0.000000,0.000000,3568887206.973822,0.000000,0.000000,0.300000,0.300000,0.000000,0.000000,0.000000
0.000000,0.000000,3568887206.983822,0.000000,0.000000,0.300000,0.300000,0.000000,0.000000,0.000000
0.000000,0.000000,3568887206.993823,0.000000,0.000000,0.300000,0.300000,0.000000,0.000000,0.000000
0.000000,0.000000,3568887207.003823,0.000000,0.000000,0.300000,0.300000,0.000000,0.000000,0.000000
0.000000,0.000000,3568887207.013825,0.000000,0.000000,0.300000,0.300000,0.000000,0.000000,0.000000
0.000000,0.000000,3568887207.023824,0.000000,0.000000,0.300000,0.300000,0.000000,0.000000,0.000000
0.000000,0.000000,3568887207.033824,0.000000,0.000000,0.300000,0.300000,0.000000,0.000000,0.000000
0.000000,0.000000,3568887207.043822,0.000000,0.000000,0.300000,0.300000,0.000000,0.000000,0.000000
0.000000,0.000000,3568887207.053824,0.000000,0.000000,0.300000,0.300000,0.000000,0.000000,0.000000
0.000000,0.000000,3568887207.063824,0.000000,0.000000,0.300000,0.300000,0.000000,0.000000,0.000000
0.000000,0.000000,3568887207.073825,0.000000,0.000000,0.300000,0.300000,0.000000,0.000000,0.000000
0.000000,0.000000,3568887207.083825,0.000000,0.000000,0.300000,0.300000,0.000000,0.000000,0.000000
0.000000,0.000000,3568887207.093826,0.000000,0.000000,0.300000,0.300000,0.000000,0.000000,0.000000
0.000000,0.000000,3568887207.103826,0.000000,0.000000,0.300000,0.300000,0.000000,0.000000,0.000000
0.000000,0.000000,3568887207.113825,0.000000,0.000000,0.300000,0.300000,0.000000,0.000000,0.000000
0.000000,0.000000,3568887207.123827,0.000000,0.000000,0.300000,0.300000,0.000000,0.000000,0.000000
0.000000,0.000000,3568887207.133827,0.000000,0.000000,0.300000,0.300000,0.000000,0.000000,0.000000
